original_sig_text,sig_text,method,method_text_start,method_text_end,method_text,dose,dose_max,dose_unit,dose_text_start,dose_text_end,dose_text,strength,strength_max,strength_unit,strength_text_start,strength_text_end,strength_text,route,route_text_start,route_text_end,route_text,frequency,frequency_max,period,period_max,period_unit,time_duration,time_duration_unit,day_of_week,time_of_day,offset,bounds,count,frequency_text_start,frequency_text_end,frequency_text,frequency_readable,when,when_text_start,when_text_end,when_text,duration,duration_max,duration_unit,duration_text_start,duration_text_end,duration_text,as_needed,indication,indication_text_start,indication_text_end,indication_text
TK 1 T PO QAM,tk 1 t po qam,take,0,2,tk,1,,tablet,2,6, 1 t,,,,,,,by mouth,7,9,po,1,,1,,day,,,,,,,,10,13,qam,daily,in the morning,10,13,qam,,,,,,,,,,,
TAKE 1 TABLET BY MOUTH 1 TIME,take 1 tablet by mouth 1 time,take,0,4,take,1,,tablet,4,13, 1 tablet,,,,,,,by mouth,7,13,tablet,,,,,,,,,,,,1,23,29,1 time,once,,,,,,,,,,,,,,,
TAKE 1 TABLET EVERY DAY BY ORAL ROUTE AS DIRECTED FOR 30 DAYS,take 1 tablet every day by oral route as directed for 30 days,take,0,4,take,1,,tablet,4,13, 1 tablet,,,,,,,by mouth,7,13,tablet,1,,1,,day,,,,,,,,20,23,day,daily,,,,,30,,day,50,60,30 day,,,,,
TK 1 T PO HS,tk 1 t po hs,take,0,2,tk,1,,tablet,2,6, 1 t,,,,,,,by mouth,7,9,po,1,,1,,day,,,,,,,,10,12,hs,daily,at bedtime,10,12,hs,,,,,,,,,,,
TK 1 T PO HS PRN,tk 1 t po hs prn,take,0,2,tk,1,,tablet,2,6, 1 t,,,,,,,by mouth,7,9,po,1,,1,,day,,,,,,,,10,12,hs,daily,at bedtime,10,12,hs,,,,,,,1,,13,16,prn
TK 1 T PO ONCE D,tk 1 t po once d,take,0,2,tk,1,,tablet,2,6, 1 t,,,,,,,by mouth,7,9,po,1,,1,,day,,,,,,,,10,16,once d,daily,,,,,,,,,,,,,,,
(ALSO KNOWN AS MEDROL (PAK)) 1 TABLET BY MOUTH AS DIRECTED,also known as medrol pak 1 tablet by mouth as directed,,,,,1,,tablet,24,33, 1 tablet,,,,,,,by mouth,27,33,tablet,,,,,,,,,,,,,43,54,as directed,as directed,,,,,,,,,,,,,,,
(ALSO KNOWN AS MEDROL (PAK)) 1 TABLET BY MOUTH AS DIRECTED FOR 5 DAYS,also known as medrol pak 1 tablet by mouth as directed for 5 days,,,,,1,,tablet,24,33, 1 tablet,,,,,,,by mouth,27,33,tablet,1,,1,,day,,,,,,,,61,64,day,daily,,,,,5,,day,55,64,5 day,,,,,
(ALSO KNOWN AS MEDROL (PAK)) 1 TABLET BY MOUTH AS DIRRECTED,also known as medrol pak 1 tablet by mouth as dirrected,,,,,1,,tablet,24,33, 1 tablet,,,,,,,by mouth,27,33,tablet,,,,,,,,,,,,,,,,,,,,,,,,,,,,,,,
(ALSO KNOWN AS MEDROL (PAK)) 1 TABLET BY MOUTH TAKE AS DIRECTED,also known as medrol pak 1 tablet by mouth take as directed,take,43,47,take,1,,tablet,24,33, 1 tablet,,,,,,,by mouth,27,33,tablet,,,,,,,,,,,,,48,59,as directed,as directed,,,,,,,,,,,,,,,
1 (ONE) TABLET BY MOUTH AS DIRECTED,1 one tablet by mouth as directed,,,,,1,,tablet,1,12, one tablet,,,,,,,by mouth,6,12,tablet,,,,,,,,,,,,,22,33,as directed,as directed,,,,,,,,,,,,,,,
0.5 ML IM AS DIRECTED,0.5 ml im as directed,,,,,0.5,,mL,0,6,0.5 ml,,,,,,,intramuscularly,7,9,im,,,,,,,,,,,,,10,21,as directed,as directed,,,,,,,,,,,,,,,
1 (ONE) APPLICATORFUL INTO THE VAGINA AS DIRECTED DAILY FOR FIVE DAYS,1 one applicatorful into the vagina as directed daily for five days,,,,,1,,applicatorful,1,19, one applicatorful,,,,,,,vaginally,20,35,into the vagina,1,,1,,day,,,,,,,,48,53,daily,daily,,,,,5,,day,54,66,five day,,,,,
1 (ONE) APPLICATORFUL INTO THE VAGINA AS DIRECTED DAILY FOR SEVEN DAYS,1 one applicatorful into the vagina as directed daily for seven days,,,,,1,,applicatorful,1,19, one applicatorful,,,,,,,vaginally,20,35,into the vagina,1,,1,,day,,,,,,,,48,53,daily,daily,,,,,7,,day,54,67,seven day,,,,,
1 A DAY,1 a day,,,,,,,,,,,,,,,,,,,,,1,,1,,day,,,,,,,,2,7,a day,daily,,,,,,,,,,,,,,,
1 APPLICATION AS DIRECTED,1 application as directed,,,,,1,,application,0,13,1 application,,,,,,,topically,2,13,application,,,,,,,,,,,,,14,25,as directed,as directed,,,,,,,,,,,,,,,
1 APPLICATION TOPICAL AS DIRECTED,1 application topical as directed,,,,,1,,application,0,13,1 application,,,,,,,topically,2,13,application,,,,,,,,,,,,,22,33,as directed,as directed,,,,,,,,,,,,,,,
1 MG IV EVERY HOUR AS NEEDED,1 mg iv every hour as needed,,,,,,,,,,,1,,mg,0,4,1 mg,intravenously,5,7,iv,1,,1,,hour,,,,,,,,8,18,every hour,every hour,,,,,,,,,,,1,,19,28,as needed
1 PO DAY,1 po day,,,,,,,,,,,,,,,,,by mouth,2,4,po,1,,1,,day,,,,,,,,5,8,day,daily,,,,,,,,,,,,,,,
1 PO ONCE,1 po once,,,,,,,,,,,,,,,,,by mouth,2,4,po,,,,,,,,,,,,1,5,9,once,once,,,,,,,,,,,,,,,
1 TAB DIALY,1 tab dialy,,,,,1,,tablet,0,5,1 tab,,,,,,,by mouth,2,5,tab,1,,1,,day,,,,,,,,6,11,dialy,daily,,,,,,,,,,,,,,,
1 TABLET BY MOUTH DIALY,1 tablet by mouth dialy,,,,,1,,tablet,0,8,1 tablet,,,,,,,by mouth,2,8,tablet,1,,1,,day,,,,,,,,18,23,dialy,daily,,,,,,,,,,,,,,,
1 TABLET BY MOUTH PER DAY,1 tablet by mouth per day,,,,,1,,tablet,0,8,1 tablet,,,,,,,by mouth,2,8,tablet,1,,1,,day,,,,,,,,18,25,per day,daily,,,,,,,,,,,,,,,
1 TABLET BY MOUTH TAKE AS DIRECTED,1 tablet by mouth take as directed,take,18,22,take,1,,tablet,0,8,1 tablet,,,,,,,by mouth,2,8,tablet,,,,,,,,,,,,,23,34,as directed,as directed,,,,,,,,,,,,,,,
1 TABLET BY MOUTH 1X DAY,1 tablet by mouth 1x day,,,,,1,,tablet,0,8,1 tablet,,,,,,,by mouth,2,8,tablet,1,,1,,day,,,,,,,,18,24,1x day,daily,,,,,,,,,,,,,,,
1 TABLET PER DAY,1 tablet per day,,,,,1,,tablet,0,8,1 tablet,,,,,,,by mouth,2,8,tablet,1,,1,,day,,,,,,,,9,16,per day,daily,,,,,,,,,,,,,,,
1 TABLET BY MOUTH EVERY MWF,1 tablet by mouth every mwf,,,,,1,,tablet,0,8,1 tablet,,,,,,,by mouth,2,8,tablet,,,,,,,,mwf,,,,,18,27,every mwf, on mwf,,,,,,,,,,,,,,,
1 VIAL NEBULIZED EVERY 4 HOURS IF NEEDED,1 vial nebulized every 4 hours if needed,,,,,1,,vial,0,6,1 vial,,,,,,,via nebulization,7,16,nebulized,1,,4,,hour,,,,,,,,17,29,every 4 hour,every 4 hours,,,,,,,,,,,,,,,
"1 VIAL NEBULIZED EVERY 4 HOURS IF NEEDED FOR COUGH, WHEEZE",1 vial nebulized every 4 hours if needed for cough wheeze,,,,,1,,vial,0,6,1 vial,,,,,,,via nebulization,7,16,nebulized,1,,4,,hour,,,,,,,,17,29,every 4 hour,every 4 hours,,,,,,,,,,,,,,,
1 X D,1 x d,,,,,,,,,,,,,,,,,,,,,1,,1,,day,,,,,,,,0,5,1 x d,daily,,,,,,,,,,,,,,,
1 X DAY,1 x day,,,,,,,,,,,,,,,,,,,,,1,,1,,day,,,,,,,,0,7,1 x day,daily,,,,,,,,,,,,,,,
1-7 UNIT SUB CUTANEOUS AD LIB,1-7 unit sub cutaneous ad lib,,,,,,,,,,,1,7,units,0,8,1-7 unit,subcutaneously,9,22,sub cutaneous,,,,,,,,,,,,,23,29,ad lib,ad lib,,,,,,,,,,,,,,,
10 MG 1 X DAY,10 mg 1 x day,,,,,,,,,,,10,,mg,0,5,10 mg,,,,,1,,1,,day,,,,,,,,6,13,1 x day,daily,,,,,,,,,,,,,,,
10 MG 1XDAY,10 mg 1xday,,,,,,,,,,,10,,mg,0,5,10 mg,,,,,1,,1,,day,,,,,,,,6,11,1xday,daily,,,,,,,,,,,,,,,
10 MG ONE TABLET BY MOUTH PER DAY,10 mg one tablet by mouth per day,,,,,1,,tablet,5,16, one tablet,10,,mg,0,5,10 mg,by mouth,10,16,tablet,1,,1,,day,,,,,,,,26,33,per day,daily,,,,,,,,,,,,,,,
10 MG TAKE ONE TABLET A DAY,10 mg take one tablet a day,take,6,10,take,1,,tablet,10,21, one tablet,10,,mg,0,5,10 mg,by mouth,15,21,tablet,1,,1,,day,,,,,,,,22,27,a day,daily,,,,,,,,,,,,,,,
100 MG 1XDAY,100 mg 1xday,,,,,,,,,,,100,,mg,0,6,100 mg,,,,,1,,1,,day,,,,,,,,7,12,1xday,daily,,,,,,,,,,,,,,,
100 MG ONE TABLET BY MOUTH PER DAY,100 mg one tablet by mouth per day,,,,,1,,tablet,6,17, one tablet,100,,mg,0,6,100 mg,by mouth,11,17,tablet,1,,1,,day,,,,,,,,27,34,per day,daily,,,,,,,,,,,,,,,
100 MG TAKE ONE TABLET A DAY,100 mg take one tablet a day,take,7,11,take,1,,tablet,11,22, one tablet,100,,mg,0,6,100 mg,by mouth,16,22,tablet,1,,1,,day,,,,,,,,23,28,a day,daily,,,,,,,,,,,,,,,
100 MG TAKES AS DIRECTED,100 mg takes as directed,,,,,,,,,,,100,,mg,0,6,100 mg,,,,,,,,,,,,,,,,,13,24,as directed,as directed,,,,,,,,,,,,,,,
100MG PO PRN,100mg po prn,,,,,,,,,,,100,,mg,0,5,100mg,by mouth,6,8,po,,,,,,,,,,,,,,,,,,,,,,,,,,,1,,9,12,prn
10MG 1 PO DAY,10mg 1 po day,,,,,,,,,,,10,,mg,0,4,10mg,by mouth,7,9,po,1,,1,,day,,,,,,,,10,13,day,daily,,,,,,,,,,,,,,,
10MG HS,10mg hs,,,,,,,,,,,10,,mg,0,4,10mg,,,,,1,,1,,day,,,,,,,,5,7,hs,daily,at bedtime,5,7,hs,,,,,,,,,,,
10MG ONE A DAY,10mg one a day,,,,,,,,,,,10,,mg,0,4,10mg,,,,,1,,1,,day,,,,,,,,9,14,a day,daily,,,,,,,,,,,,,,,
150MG IM Q 12 WKS,150mg im q 12 wks,,,,,,,,,,,150,,mg,0,5,150mg,intramuscularly,6,8,im,1,,12,,week,,,,,,,,9,17,q 12 wks,every 12 weeks,,,,,,,,,,,,,,,
1XDAY,1xday,,,,,,,,,,,,,,,,,,,,,1,,1,,day,,,,,,,,0,5,1xday,daily,,,,,,,,,,,,,,,
2 A DAY,2 a day,,,,,,,,,,,,,,,,,,,,,1,,1,,day,,,,,,,,2,7,a day,daily,,,,,,,,,,,,,,,
2 PUFFS INHALED WITH SPACER EVERY 4 HOURS IF NEEDED,2 puffs inhaled with spacer every 4 hours if needed,,,,,2,,puff,0,6,2 puff,,,,,,,via inhalation,2,7,puffs,1,,4,,hour,,,,,,,,28,40,every 4 hour,every 4 hours,,,,,,,,,,,,,,,
20 MG 1 X DAY,20 mg 1 x day,,,,,,,,,,,20,,mg,0,5,20 mg,,,,,1,,1,,day,,,,,,,,6,13,1 x day,daily,,,,,,,,,,,,,,,
20 MG 1XDAY,20 mg 1xday,,,,,,,,,,,20,,mg,0,5,20 mg,,,,,1,,1,,day,,,,,,,,6,11,1xday,daily,,,,,,,,,,,,,,,
20 MG ONE TABLET BY MOUTH PER DAY,20 mg one tablet by mouth per day,,,,,1,,tablet,5,16, one tablet,20,,mg,0,5,20 mg,by mouth,10,16,tablet,1,,1,,day,,,,,,,,26,33,per day,daily,,,,,,,,,,,,,,,
20 MG TAKE ONE TABLET A DAY,20 mg take one tablet a day,take,6,10,take,1,,tablet,10,21, one tablet,20,,mg,0,5,20 mg,by mouth,15,21,tablet,1,,1,,day,,,,,,,,22,27,a day,daily,,,,,,,,,,,,,,,
20 MG TAKES AS DIRECTED,20 mg takes as directed,,,,,,,,,,,20,,mg,0,5,20 mg,,,,,,,,,,,,,,,,,12,23,as directed,as directed,,,,,,,,,,,,,,,
20MG 1 PO DAY,20mg 1 po day,,,,,,,,,,,20,,mg,0,4,20mg,by mouth,7,9,po,1,,1,,day,,,,,,,,10,13,day,daily,,,,,,,,,,,,,,,
20MG ONE A DAY,20mg one a day,,,,,,,,,,,20,,mg,0,4,20mg,,,,,1,,1,,day,,,,,,,,9,14,a day,daily,,,,,,,,,,,,,,,
20MG QAM,20mg qam,,,,,,,,,,,20,,mg,0,4,20mg,,,,,1,,1,,day,,,,,,,,5,8,qam,daily,in the morning,5,8,qam,,,,,,,,,,,
25 MG 1XDAY,25 mg 1xday,,,,,,,,,,,25,,mg,0,5,25 mg,,,,,1,,1,,day,,,,,,,,6,11,1xday,daily,,,,,,,,,,,,,,,
25 MG ONE TABLET BY MOUTH PER DAY,25 mg one tablet by mouth per day,,,,,1,,tablet,5,16, one tablet,25,,mg,0,5,25 mg,by mouth,10,16,tablet,1,,1,,day,,,,,,,,26,33,per day,daily,,,,,,,,,,,,,,,
25 MG TAKE ONE TABLET A DAY,25 mg take one tablet a day,take,6,10,take,1,,tablet,10,21, one tablet,25,,mg,0,5,25 mg,by mouth,15,21,tablet,1,,1,,day,,,,,,,,22,27,a day,daily,,,,,,,,,,,,,,,
4 CAPSULES BY MOUTH 1 HOUR PRIOR TO PROCEDURE,4 capsules by mouth 1 hour prior to procedure,,,,,4,,capsule,0,10,4 capsules,,,,,,,by mouth,2,10,capsules,,,,,,,,,,,,,,,,,,,,,,,,,,,,,,,
40 MG 1 X DAY,40 mg 1 x day,,,,,,,,,,,40,,mg,0,5,40 mg,,,,,1,,1,,day,,,,,,,,6,13,1 x day,daily,,,,,,,,,,,,,,,
40 MG 1XDAY,40 mg 1xday,,,,,,,,,,,40,,mg,0,5,40 mg,,,,,1,,1,,day,,,,,,,,6,11,1xday,daily,,,,,,,,,,,,,,,
40 MG ONE TABLET BY MOUTH PER DAY,40 mg one tablet by mouth per day,,,,,1,,tablet,5,16, one tablet,40,,mg,0,5,40 mg,by mouth,10,16,tablet,1,,1,,day,,,,,,,,26,33,per day,daily,,,,,,,,,,,,,,,
40 MG TAKE ONE TABLET A DAY,40 mg take one tablet a day,take,6,10,take,1,,tablet,10,21, one tablet,40,,mg,0,5,40 mg,by mouth,15,21,tablet,1,,1,,day,,,,,,,,22,27,a day,daily,,,,,,,,,,,,,,,
40 MG TAKES AS DIRECTED,40 mg takes as directed,,,,,,,,,,,40,,mg,0,5,40 mg,,,,,,,,,,,,,,,,,12,23,as directed,as directed,,,,,,,,,,,,,,,
40MG 1 PO DAY,40mg 1 po day,,,,,,,,,,,40,,mg,0,4,40mg,by mouth,7,9,po,1,,1,,day,,,,,,,,10,13,day,daily,,,,,,,,,,,,,,,
40MG 1PO DAILY,40mg 1po daily,,,,,,,,,,,40,,mg,0,4,40mg,by mouth,5,8,1po,1,,1,,day,,,,,,,,9,14,daily,daily,,,,,,,,,,,,,,,
40MG QAM,40mg qam,,,,,,,,,,,40,,mg,0,4,40mg,,,,,1,,1,,day,,,,,,,,5,8,qam,daily,in the morning,5,8,qam,,,,,,,,,,,
5 MG 1XDAY,5 mg 1xday,,,,,,,,,,,5,,mg,0,4,5 mg,,,,,1,,1,,day,,,,,,,,5,10,1xday,daily,,,,,,,,,,,,,,,
5 MG ONE TABLET BY MOUTH PER DAY,5 mg one tablet by mouth per day,,,,,1,,tablet,4,15, one tablet,5,,mg,0,4,5 mg,by mouth,9,15,tablet,1,,1,,day,,,,,,,,25,32,per day,daily,,,,,,,,,,,,,,,
5 MG TAKE ONE TABLET A DAY,5 mg take one tablet a day,take,5,9,take,1,,tablet,9,20, one tablet,5,,mg,0,4,5 mg,by mouth,14,20,tablet,1,,1,,day,,,,,,,,21,26,a day,daily,,,,,,,,,,,,,,,
50 MG 1XDAY,50 mg 1xday,,,,,,,,,,,50,,mg,0,5,50 mg,,,,,1,,1,,day,,,,,,,,6,11,1xday,daily,,,,,,,,,,,,,,,
50 MG ONE TABLET BY MOUTH PER DAY,50 mg one tablet by mouth per day,,,,,1,,tablet,5,16, one tablet,50,,mg,0,5,50 mg,by mouth,10,16,tablet,1,,1,,day,,,,,,,,26,33,per day,daily,,,,,,,,,,,,,,,
50 MG TAKE ONE TABLET A DAY,50 mg take one tablet a day,take,6,10,take,1,,tablet,10,21, one tablet,50,,mg,0,5,50 mg,by mouth,15,21,tablet,1,,1,,day,,,,,,,,22,27,a day,daily,,,,,,,,,,,,,,,
50 MG TAKES AS DIRECTED,50 mg takes as directed,,,,,,,,,,,50,,mg,0,5,50 mg,,,,,,,,,,,,,,,,,12,23,as directed,as directed,,,,,,,,,,,,,,,
500 MG ONE TABLET BY MOUTH PER DAY,500 mg one tablet by mouth per day,,,,,1,,tablet,6,17, one tablet,500,,mg,0,6,500 mg,by mouth,11,17,tablet,1,,1,,day,,,,,,,,27,34,per day,daily,,,,,,,,,,,,,,,
650 MG ORALLY BEFORE TRANSFUSION,650 mg orally before transfusion,,,,,,,,,,,650,,mg,0,6,650 mg,by mouth,7,13,orally,,,,,,,,,,,,,,,,,,,,,,,,,,,,,,,
75 MG ONE TABLET BY MOUTH PER DAY,75 mg one tablet by mouth per day,,,,,1,,tablet,5,16, one tablet,75,,mg,0,5,75 mg,by mouth,10,16,tablet,1,,1,,day,,,,,,,,26,33,per day,daily,,,,,,,,,,,,,,,
81 MG 1XDAY,81 mg 1xday,,,,,,,,,,,81,,mg,0,5,81 mg,,,,,1,,1,,day,,,,,,,,6,11,1xday,daily,,,,,,,,,,,,,,,
81 MG ONE TABLET BY MOUTH PER DAY,81 mg one tablet by mouth per day,,,,,1,,tablet,5,16, one tablet,81,,mg,0,5,81 mg,by mouth,10,16,tablet,1,,1,,day,,,,,,,,26,33,per day,daily,,,,,,,,,,,,,,,
81 MG TAKE ONE TABLET A DAY,81 mg take one tablet a day,take,6,10,take,1,,tablet,10,21, one tablet,81,,mg,0,5,81 mg,by mouth,15,21,tablet,1,,1,,day,,,,,,,,22,27,a day,daily,,,,,,,,,,,,,,,
81MG ONE A DAY,81mg one a day,,,,,,,,,,,81,,mg,0,4,81mg,,,,,1,,1,,day,,,,,,,,9,14,a day,daily,,,,,,,,,,,,,,,
ADMINISTER 1 SPRAY INTO AFFECTED NOSTRIL(S) ONCE IN IMAGING,administer 1 spray into affected nostrils once in imaging,administer,0,10,administer,1,,spray,10,18, 1 spray,,,,,,,in each nostril,33,41,nostrils,,,,,,,,,,,,1,42,57,once in imaging,once,,,,,,,,,,,,,,,
ADMINISTER 2 SPRAYS INTO AFFECTED NOSTRIL(S) ONCE IN IMAGING,administer 2 sprays into affected nostrils once in imaging,administer,0,10,administer,2,,spray,10,18, 2 spray,,,,,,,in each nostril,34,42,nostrils,,,,,,,,,,,,1,43,58,once in imaging,once,,,,,,,,,,,,,,,
"APPLY (THOROUGHLY MASSAGE INTO SKIN FROM HEAD TO SOLES OF FEET) BY TOPICAL ROUTE ONCE LEAVE ON FOR 8-14 HR, THEN REMOVE BY THOROUGH WASHING",apply thoroughly massage into skin from head to soles of feet by topical route once leave on for 8-14 hr then remove by thorough washing,apply,0,5,apply,,,,,,,,,,,,,topically,0,5,apply,,,,,,,,,,,,,,,,,,,,,,,,,,,,,,,
AS DIRECTED,as directed,,,,,,,,,,,,,,,,,,,,,,,,,,,,,,,,,0,11,as directed,as directed,,,,,,,,,,,,,,,
AS DIRECTED ON PACKAGE,as directed on package,,,,,,,,,,,,,,,,,,,,,,,,,,,,,,,,,0,22,as directed on package,as directed on package,,,,,,,,,,,,,,,
AS DIRECTED. AS DIRECTED,as directed as directed,,,,,,,,,,,,,,,,,,,,,,,,,,,,,,,,,0,11,as directed,as directed,,,,,,,,,,,,,,,
AS INSTRUCTED,as instructed,,,,,,,,,,,,,,,,,,,,,,,,,,,,,,,,,0,13,as instructed,as instructed,,,,,,,,,,,,,,,
BY MOUTH AS DIRECTED,by mouth as directed,,,,,,,,,,,,,,,,,by mouth,0,8,by mouth,,,,,,,,,,,,,9,20,as directed,as directed,,,,,,,,,,,,,,,
BY MOUTH AS NEED,by mouth as need,,,,,,,,,,,,,,,,,by mouth,0,8,by mouth,,,,,,,,,,,,,9,16,as need,as need,,,,,,,,,,,,,,,
BY MOUTH DIALY,by mouth dialy,,,,,,,,,,,,,,,,,by mouth,0,8,by mouth,1,,1,,day,,,,,,,,9,14,dialy,daily,,,,,,,,,,,,,,,
CHECK BLOOD GLUCOSE AS DIRECTED *INSULIN PUMP*,check blood glucose as directed insulin pump,,,,,,,,,,,,,,,,,,,,,,,,,,,,,,,,,20,31,as directed,as directed,,,,,,,,,,,,,,,
CSW 1 T PO D,csw 1 t po d,,,,,1,,tablet,3,7, 1 t,,,,,,,by mouth,8,10,po,1,,1,,day,,,,,,,,11,12,d,daily,,,,,,,,,,,,,,,
INHALE 2 PUFFS BY MOUTH EVERY 4 HOURS IF NEEDED,inhale 2 puffs by mouth every 4 hours if needed,inhale,0,6,inhale,2,,puff,6,13, 2 puff,,,,,,,via inhalation,0,6,inhale,1,,4,,hour,,,,,,,,24,36,every 4 hour,every 4 hours,,,,,,,,,,,,,,,
INHALE 2 PUFFS EVERY 4 (FOUR) HOURS AS NEEDED,inhale 2 puffs every 4 four hours as needed,inhale,0,6,inhale,2,,puff,6,13, 2 puff,,,,,,,via inhalation,0,6,inhale,1,,4,,hour,,,,,,,,15,32,every 4 four hour,every 4 hours,,,,,,,,,,,1,,34,43,as needed
INHALE 2 PUFFS EVERY 4 (FOUR) HOURS AS NEEDED FOR WHEEZING,inhale 2 puffs every 4 four hours as needed for wheezing,inhale,0,6,inhale,2,,puff,6,13, 2 puff,,,,,,,via inhalation,0,6,inhale,1,,4,,hour,,,,,,,,15,32,every 4 four hour,every 4 hours,,,,,,,,,,,1,wheezing,34,56,as needed for wheezing
INHALE 2 PUFFS EVERY 4 (FOUR) HOURS AS NEEDED FOR WHEEZING OR SHORTNESS OF BREATH,inhale 2 puffs every 4 four hours as needed for wheezing or shortness of breath,inhale,0,6,inhale,2,,puff,6,13, 2 puff,,,,,,,via inhalation,0,6,inhale,1,,4,,hour,,,,,,,,15,32,every 4 four hour,every 4 hours,,,,,,,,,,,1,"wheezing,shortness of breath",34,79,as needed for wheezing or shortness of breath
INHALE 2 PUFFS EVERY 4 (FOUR) HOURS AS NEEDED FOR WHEEZING OR SHORTNESS OF BREATH. USE SPACER WHEN INHALING,inhale 2 puffs every 4 four hours as needed for wheezing or shortness of breath use spacer when inhaling,inhale,0,6,inhale,2,,puff,6,13, 2 puff,,,,,,,via inhalation,0,6,inhale,1,,4,,hour,,,,,,,,15,32,every 4 four hour,every 4 hours,,,,,,,,,,,1,"wheezing,shortness of breath",34,104,as needed for wheezing or shortness of breath use spacer when inhaling
INHALE 2 PUFFS EVERY 4 (FOUR) HOURS AS NEEDED FOR WHEEZING. USE SPACER WHEN INHALING,inhale 2 puffs every 4 four hours as needed for wheezing use spacer when inhaling,inhale,0,6,inhale,2,,puff,6,13, 2 puff,,,,,,,via inhalation,0,6,inhale,1,,4,,hour,,,,,,,,15,32,every 4 four hour,every 4 hours,,,,,,,,,,,1,wheezing,34,81,as needed for wheezing use spacer when inhaling
INHALE 2 PUFFS EVERY 6 (SIX) HOURS AS NEEDED,inhale 2 puffs every 6 six hours as needed,inhale,0,6,inhale,2,,puff,6,13, 2 puff,,,,,,,via inhalation,0,6,inhale,1,,6,,hour,,,,,,,,15,31,every 6 six hour,every 6 hours,,,,,,,,,,,1,,33,42,as needed
INHALE 2 PUFFS EVERY 6 (SIX) HOURS AS NEEDED FOR WHEEZING,inhale 2 puffs every 6 six hours as needed for wheezing,inhale,0,6,inhale,2,,puff,6,13, 2 puff,,,,,,,via inhalation,0,6,inhale,1,,6,,hour,,,,,,,,15,31,every 6 six hour,every 6 hours,,,,,,,,,,,1,wheezing,33,55,as needed for wheezing
INHALE AS DIRECTED,inhale as directed,inhale,0,6,inhale,,,,,,,,,,,,,via inhalation,0,6,inhale,,,,,,,,,,,,,7,18,as directed,as directed,,,,,,,,,,,,,,,
INJECT 0.3 MG BY INTRAMUSCULAR ROUTE ONCE AS NEEDED FOR ANAPHYLAXIS,inject 0.3 mg by intramuscular route once as needed for anaphylaxis,inject,0,6,inject,,,,,,,0.3,,mg,6,13, 0.3 mg,intramuscularly,17,30,intramuscular,,,,,,,,,,,,,42,51,as needed,as needed,,,,,,,,,,,1,anaphylaxis,42,67,as needed for anaphylaxis
INJECT 0.3 MILLILITER (0.3 MG) BY INTRAMUSCULAR ROUTE ONCE AS NEEDED FOR ANAPHYLAXIS,inject 0.3 milliliter 0.3 mg by intramuscular route once as needed for anaphylaxis,inject,0,6,inject,0.3,,mL,6,21, 0.3 milliliter,0.3,,mg,21,28, 0.3 mg,intramuscularly,32,45,intramuscular,,,,,,,,,,,,,57,66,as needed,as needed,,,,,,,,,,,1,anaphylaxis,57,82,as needed for anaphylaxis
INJECT 0.3 ML (0.3 MG TOTAL) INTRAMUSCULARLY ONCE FOR 1 DOSE,inject 0.3 ml 0.3 mg total intramuscularly once for 1 dose,inject,0,6,inject,0.3,,mL,6,13, 0.3 ml,0.3,,mg,13,20, 0.3 mg,intramuscularly,27,42,intramuscularly,,,,,,,,,,,,1,48,58,for 1 dose,once,,,,,,,,,,,,,,,
INJECT 0.5 ML INTRAMUSCULARLY ONCE,inject 0.5 ml intramuscularly once,inject,0,6,inject,0.5,,mL,6,13, 0.5 ml,,,,,,,intramuscularly,14,29,intramuscularly,,,,,,,,,,,,1,30,34,once,once,,,,,,,,,,,,,,,
INJECT 0.5 ML INTRAMUSCULARLY ONCE FOR 1 DOSE,inject 0.5 ml intramuscularly once for 1 dose,inject,0,6,inject,0.5,,mL,6,13, 0.5 ml,,,,,,,intramuscularly,14,29,intramuscularly,,,,,,,,,,,,1,35,45,for 1 dose,once,,,,,,,,,,,,,,,
INJECT 0.5ML INTRAMUSCULARLY ONCE,inject 0.5ml intramuscularly once,inject,0,6,inject,0.5,,mL,6,12, 0.5ml,,,,,,,intramuscularly,13,28,intramuscularly,,,,,,,,,,,,1,29,33,once,once,,,,,,,,,,,,,,,
INJECT 0.6 ML (6 MG TOTAL) UNDER THE SKIN ONCE FOR 1 DOSE,inject 0.6 ml 6 mg total under the skin once for 1 dose,inject,0,6,inject,0.6,,mL,6,13, 0.6 ml,6,,mg,13,18, 6 mg,subcutaneously,25,39,under the skin,,,,,,,,,,,,1,45,55,for 1 dose,once,,,,,,,,,,,,,,,
INJECT 0.8 ML (40 MG TOTAL) UNDER THE SKIN EVERY 14 (FOURTEEN) DAYS,inject 0.8 ml 40 mg total under the skin every 14 fourteen days,inject,0,6,inject,0.8,,mL,6,13, 0.8 ml,40,,mg,13,19, 40 mg,subcutaneously,26,40,under the skin,1,,14,,day,,,,,,,,41,62,every 14 fourteen day,every 14 days,,,,,,,,,,,,,,,
INJECT 250 MCG UNDER THE SKIN ONCE FOR 1 DOSE,inject 250 mcg under the skin once for 1 dose,inject,0,6,inject,,,,,,,250,,mcg,6,14, 250 mcg,subcutaneously,15,29,under the skin,,,,,,,,,,,,1,35,45,for 1 dose,once,,,,,,,,,,,,,,,
INJECT INTRAMUSCULARLY INTO UPPER OUTER THIGH ONCE AS NEEDED FOR ANAPHYLAXIS,inject intramuscularly into upper outer thigh once as needed for anaphylaxis,inject,0,6,inject,,,,,,,,,,,,,intramuscularly,7,22,intramuscularly,,,,,,,,,,,,,51,60,as needed,as needed,,,,,,,,,,,1,anaphylaxis,51,76,as needed for anaphylaxis
INL 1 PUFF PO D,inl 1 puff po d,,,,,1,,puff,3,10, 1 puff,,,,,,,via inhalation,6,10,puff,1,,1,,day,,,,,,,,14,15,d,daily,,,,,,,,,,,,,,,
ONCE,once,,,,,,,,,,,,,,,,,,,,,,,,,,,,,,,,1,0,4,once,once,,,,,,,,,,,,,,,
ONCE IN IMAGING,once in imaging,,,,,,,,,,,,,,,,,,,,,,,,,,,,,,,,1,0,15,once in imaging,once,,,,,,,,,,,,,,,
ONE A DAY,one a day,,,,,,,,,,,,,,,,,,,,,1,,1,,day,,,,,,,,4,9,a day,daily,,,,,,,,,,,,,,,
ONE A DAY BY MOUTH,one a day by mouth,,,,,,,,,,,,,,,,,by mouth,10,18,by mouth,1,,1,,day,,,,,,,,4,9,a day,daily,,,,,,,,,,,,,,,
ONE BY MOUTH A DAY,one by mouth a day,,,,,,,,,,,,,,,,,by mouth,4,12,by mouth,1,,1,,day,,,,,,,,13,18,a day,daily,,,,,,,,,,,,,,,
ONE PER DAY,one per day,,,,,,,,,,,,,,,,,,,,,1,,1,,day,,,,,,,,4,11,per day,daily,,,,,,,,,,,,,,,
ONE TAB PO QAM,one tab po qam,,,,,1,,tablet,0,7,one tab,,,,,,,by mouth,4,7,tab,1,,1,,day,,,,,,,,11,14,qam,daily,in the morning,11,14,qam,,,,,,,,,,,
ONE TABLET A DAY,one tablet a day,,,,,1,,tablet,0,10,one tablet,,,,,,,by mouth,4,10,tablet,1,,1,,day,,,,,,,,11,16,a day,daily,,,,,,,,,,,,,,,
ONE TABLET A DAY PO,one tablet a day po,,,,,1,,tablet,0,10,one tablet,,,,,,,by mouth,4,10,tablet,1,,1,,day,,,,,,,,11,16,a day,daily,,,,,,,,,,,,,,,
ONE TABLET BY MOUTH A DAY,one tablet by mouth a day,,,,,1,,tablet,0,10,one tablet,,,,,,,by mouth,4,10,tablet,1,,1,,day,,,,,,,,20,25,a day,daily,,,,,,,,,,,,,,,
ONE TABLET BY MOUTH PER DAY,one tablet by mouth per day,,,,,1,,tablet,0,10,one tablet,,,,,,,by mouth,4,10,tablet,1,,1,,day,,,,,,,,20,27,per day,daily,,,,,,,,,,,,,,,
ONE TABLET PER DAY,one tablet per day,,,,,1,,tablet,0,10,one tablet,,,,,,,by mouth,4,10,tablet,1,,1,,day,,,,,,,,11,18,per day,daily,,,,,,,,,,,,,,,
PO A DAY,po a day,,,,,,,,,,,,,,,,,by mouth,0,2,po,1,,1,,day,,,,,,,,3,8,a day,daily,,,,,,,,,,,,,,,
SEE ADMIN INSTRUCTIONS. AS DIRECTED,see admin instructions as directed,,,,,,,,,,,,,,,,,,,,,,,,,,,,,,,,,0,22,see admin instructions,see admin instructions,,,,,,,,,,,,,,,
SEE NOTES,see notes,,,,,,,,,,,,,,,,,,,,,,,,,,,,,,,,,0,9,see notes,see notes,,,,,,,,,,,,,,,
SLIDING SCALE,sliding scale,,,,,,,,,,,,,,,,,,,,,,,,,,,,,,,,,,,,,,,,,,,,,,,,,,,
TAKE 0.5 MG BY MOUTH EVERY 6 (SIX) HOURS AS NEEDED FOR ANXIETY,take 0.5 mg by mouth every 6 six hours as needed for anxiety,take,0,4,take,,,,,,,0.5,,mg,4,11, 0.5 mg,by mouth,12,20,by mouth,1,,6,,hour,,,,,,,,21,37,every 6 six hour,every 6 hours,,,,,,,,,,,1,anxiety,39,60,as needed for anxiety
TAKE 0.5 TABLETS (12.5 MG TOTAL) BY MOUTH EVERY 12 (TWELVE) HOURS,take 0.5 tablets 12.5 mg total by mouth every 12 twelve hours,take,0,4,take,0.5,,tablet,4,16, 0.5 tablets,12.5,,mg,16,24, 12.5 mg,by mouth,9,16,tablets,1,,12,,hour,,,,,,,,40,60,every 12 twelve hour,every 12 hours,,,,,,,,,,,,,,,
TAKE 0.5 TABLETS (2 MG TOTAL) BY MOUTH EVERY 8 (EIGHT) HOURS AS NEEDED FOR NAUSEA OR VOMITING,take 0.5 tablets 2 mg total by mouth every 8 eight hours as needed for nausea or vomiting,take,0,4,take,0.5,,tablet,4,16, 0.5 tablets,2,,mg,16,21, 2 mg,by mouth,9,16,tablets,1,,8,,hour,,,,,,,,37,55,every 8 eight hour,every 8 hours,,,,,,,,,,,1,"nausea,vomiting",57,89,as needed for nausea or vomiting
TAKE 1 CAPSULE (100 MG TOTAL) BY MOUTH EVERY 12 (TWELVE) HOURS,take 1 capsule 100 mg total by mouth every 12 twelve hours,take,0,4,take,1,,capsule,4,14, 1 capsule,100,,mg,14,21, 100 mg,by mouth,7,14,capsule,1,,12,,hour,,,,,,,,37,57,every 12 twelve hour,every 12 hours,,,,,,,,,,,,,,,
TAKE 1 CAPSULE (100 MG TOTAL) BY MOUTH EVERY 12 (TWELVE) HOURS FOR 10 DAYS,take 1 capsule 100 mg total by mouth every 12 twelve hours for 10 days,take,0,4,take,1,,capsule,4,14, 1 capsule,100,,mg,14,21, 100 mg,by mouth,7,14,capsule,1,,12,,hour,,,,,,,,37,57,every 12 twelve hour,every 12 hours,,,,,10,,day,59,69,10 day,,,,,
TAKE 1 CAPSULE (100 MG TOTAL) BY MOUTH EVERY 12 (TWELVE) HOURS FOR 5 DAYS,take 1 capsule 100 mg total by mouth every 12 twelve hours for 5 days,take,0,4,take,1,,capsule,4,14, 1 capsule,100,,mg,14,21, 100 mg,by mouth,7,14,capsule,1,,12,,hour,,,,,,,,37,57,every 12 twelve hour,every 12 hours,,,,,5,,day,59,68,5 day,,,,,
TAKE 1 CAPSULE (100 MG TOTAL) BY MOUTH EVERY 12 (TWELVE) HOURS FOR 7 DAYS,take 1 capsule 100 mg total by mouth every 12 twelve hours for 7 days,take,0,4,take,1,,capsule,4,14, 1 capsule,100,,mg,14,21, 100 mg,by mouth,7,14,capsule,1,,12,,hour,,,,,,,,37,57,every 12 twelve hour,every 12 hours,,,,,7,,day,59,68,7 day,,,,,
TAKE 1 CAPSULE (200 MG TOTAL) BY MOUTH EVERY 8 (EIGHT) HOURS,take 1 capsule 200 mg total by mouth every 8 eight hours,take,0,4,take,1,,capsule,4,14, 1 capsule,200,,mg,14,21, 200 mg,by mouth,7,14,capsule,1,,8,,hour,,,,,,,,37,55,every 8 eight hour,every 8 hours,,,,,,,,,,,,,,,
TAKE 1 CAPSULE (200 MG TOTAL) BY MOUTH EVERY 8 (EIGHT) HOURS FOR 10 DAYS,take 1 capsule 200 mg total by mouth every 8 eight hours for 10 days,take,0,4,take,1,,capsule,4,14, 1 capsule,200,,mg,14,21, 200 mg,by mouth,7,14,capsule,1,,8,,hour,,,,,,,,37,55,every 8 eight hour,every 8 hours,,,,,10,,day,57,67,10 day,,,,,
TAKE 1 CAPSULE (300 MG TOTAL) BY MOUTH EVERY 12 (TWELVE) HOURS FOR 10 DAYS,take 1 capsule 300 mg total by mouth every 12 twelve hours for 10 days,take,0,4,take,1,,capsule,4,14, 1 capsule,300,,mg,14,21, 300 mg,by mouth,7,14,capsule,1,,12,,hour,,,,,,,,37,57,every 12 twelve hour,every 12 hours,,,,,10,,day,59,69,10 day,,,,,
"TAKE 1 CAPSULE (50,000 UNITS TOTAL) BY MOUTH EVERY 30 (THIRTY) DAYS",take 1 capsule 50000 units total by mouth every 30 thirty days,take,0,4,take,1,,capsule,4,14, 1 capsule,50000,,units,14,26, 50000 units,by mouth,7,14,capsule,1,,30,,day,,,,,,,,42,61,every 30 thirty day,every 30 days,,,,,,,,,,,,,,,
TAKE 1 CAPSULE (500 MG TOTAL) BY MOUTH EVERY 12 (TWELVE) HOURS FOR 10 DAYS,take 1 capsule 500 mg total by mouth every 12 twelve hours for 10 days,take,0,4,take,1,,capsule,4,14, 1 capsule,500,,mg,14,21, 500 mg,by mouth,7,14,capsule,1,,12,,hour,,,,,,,,37,57,every 12 twelve hour,every 12 hours,,,,,10,,day,59,69,10 day,,,,,
TAKE 1 CAPSULE (75 MG TOTAL) BY MOUTH EVERY 12 (TWELVE) HOURS FOR 5 DAYS,take 1 capsule 75 mg total by mouth every 12 twelve hours for 5 days,take,0,4,take,1,,capsule,4,14, 1 capsule,75,,mg,14,20, 75 mg,by mouth,7,14,capsule,1,,12,,hour,,,,,,,,36,56,every 12 twelve hour,every 12 hours,,,,,5,,day,58,67,5 day,,,,,
TAKE 1 CAPSULE BY MOUTH EVERY 4 (FOUR) HOURS AS NEEDED FOR HEADACHES,take 1 capsule by mouth every 4 four hours as needed for headaches,take,0,4,take,1,,capsule,4,14, 1 capsule,,,,,,,by mouth,7,14,capsule,1,,4,,hour,,,,,,,,24,41,every 4 four hour,every 4 hours,,,,,,,,,,,1,headache,43,66,as needed for headaches
TAKE 1 CAPSULE BY MOUTH ONCE IN IMAGING,take 1 capsule by mouth once in imaging,take,0,4,take,1,,capsule,4,14, 1 capsule,,,,,,,by mouth,7,14,capsule,,,,,,,,,,,,1,24,39,once in imaging,once,,,,,,,,,,,,,,,
TAKE 1 PACKET (1 G TOTAL) BY MOUTH ONCE FOR 1 DOSE,take 1 packet 1 g total by mouth once for 1 dose,take,0,4,take,1,,packet,4,13, 1 packet,1,,g,13,17, 1 g,by mouth,24,32,by mouth,,,,,,,,,,,,1,38,48,for 1 dose,once,,,,,,,,,,,,,,,
TAKE 1 TABLET (0.5 MG TOTAL) BY MOUTH EVERY 6 (SIX) HOURS AS NEEDED FOR ANXIETY,take 1 tablet 0.5 mg total by mouth every 6 six hours as needed for anxiety,take,0,4,take,1,,tablet,4,13, 1 tablet,0.5,,mg,13,20, 0.5 mg,by mouth,7,13,tablet,1,,6,,hour,,,,,,,,36,52,every 6 six hour,every 6 hours,,,,,,,,,,,1,anxiety,54,75,as needed for anxiety
TAKE 1 TABLET (0.5 MG TOTAL) BY MOUTH EVERY 8 (EIGHT) HOURS AS NEEDED FOR ANXIETY,take 1 tablet 0.5 mg total by mouth every 8 eight hours as needed for anxiety,take,0,4,take,1,,tablet,4,13, 1 tablet,0.5,,mg,13,20, 0.5 mg,by mouth,7,13,tablet,1,,8,,hour,,,,,,,,36,54,every 8 eight hour,every 8 hours,,,,,,,,,,,1,anxiety,56,77,as needed for anxiety
TAKE 1 TABLET (1 MG TOTAL) BY MOUTH EVERY 8 (EIGHT) HOURS AS NEEDED FOR ANXIETY,take 1 tablet 1 mg total by mouth every 8 eight hours as needed for anxiety,take,0,4,take,1,,tablet,4,13, 1 tablet,1,,mg,13,18, 1 mg,by mouth,7,13,tablet,1,,8,,hour,,,,,,,,34,52,every 8 eight hour,every 8 hours,,,,,,,,,,,1,anxiety,54,75,as needed for anxiety
"TAKE 1 TABLET (1,000 MG TOTAL) BY MOUTH EVERY 8 (EIGHT) HOURS",take 1 tablet 1000 mg total by mouth every 8 eight hours,take,0,4,take,1,,tablet,4,13, 1 tablet,1000,,mg,13,21, 1000 mg,by mouth,7,13,tablet,1,,8,,hour,,,,,,,,37,55,every 8 eight hour,every 8 hours,,,,,,,,,,,,,,,
TAKE 1 TABLET (10 MG TOTAL) BY MOUTH EVERY 12 (TWELVE) HOURS,take 1 tablet 10 mg total by mouth every 12 twelve hours,take,0,4,take,1,,tablet,4,13, 1 tablet,10,,mg,13,19, 10 mg,by mouth,7,13,tablet,1,,12,,hour,,,,,,,,35,55,every 12 twelve hour,every 12 hours,,,,,,,,,,,,,,,
TAKE 1 TABLET (10 MG TOTAL) BY MOUTH EVERY 6 (SIX) HOURS AS NEEDED FOR ANXIETY,take 1 tablet 10 mg total by mouth every 6 six hours as needed for anxiety,take,0,4,take,1,,tablet,4,13, 1 tablet,10,,mg,13,19, 10 mg,by mouth,7,13,tablet,1,,6,,hour,,,,,,,,35,51,every 6 six hour,every 6 hours,,,,,,,,,,,1,anxiety,53,74,as needed for anxiety
TAKE 1 TABLET (10 MG TOTAL) BY MOUTH EVERY 6 (SIX) HOURS AS NEEDED FOR ITCHING,take 1 tablet 10 mg total by mouth every 6 six hours as needed for itching,take,0,4,take,1,,tablet,4,13, 1 tablet,10,,mg,13,19, 10 mg,by mouth,7,13,tablet,1,,6,,hour,,,,,,,,35,51,every 6 six hour,every 6 hours,,,,,,,,,,,1,itching,53,74,as needed for itching
TAKE 1 TABLET (10 MG TOTAL) BY MOUTH EVERY 8 (EIGHT) HOURS,take 1 tablet 10 mg total by mouth every 8 eight hours,take,0,4,take,1,,tablet,4,13, 1 tablet,10,,mg,13,19, 10 mg,by mouth,7,13,tablet,1,,8,,hour,,,,,,,,35,53,every 8 eight hour,every 8 hours,,,,,,,,,,,,,,,
TAKE 1 TABLET (10 MG TOTAL) BY MOUTH EVERY 8 (EIGHT) HOURS AS NEEDED FOR MUSCLE SPASMS,take 1 tablet 10 mg total by mouth every 8 eight hours as needed for muscle spasms,take,0,4,take,1,,tablet,4,13, 1 tablet,10,,mg,13,19, 10 mg,by mouth,7,13,tablet,1,,8,,hour,,,,,,,,35,53,every 8 eight hour,every 8 hours,,,,,,,,,,,1,muscle spasm,55,82,as needed for muscle spasms
TAKE 1 TABLET (10 MG TOTAL) BY MOUTH ONCE AS NEEDED FOR MIGRAINE. MAY REPEAT IN 2 HOURS IF UNRESOLVED. DO NOT EXCEED 30 MG IN 24 HOURS,take 1 tablet 10 mg total by mouth once as needed for migraine may repeat in 2 hours if unresolved do not exceed 30 mg in 24 hours,take,0,4,take,1,,tablet,4,13, 1 tablet,10,,mg,13,19, 10 mg,by mouth,7,13,tablet,,,,,,,,,,,,,40,49,as needed,as needed,,,,,,,,,,,1,migraine,40,130,as needed for migraine may repeat in 2 hours if unresolved do not exceed 30 mg in 24 hours
TAKE 1 TABLET (100 MG TOTAL) BY MOUTH ONCE AS NEEDED FOR MIGRAINE (HEADACHE). MAY REPEAT ONE TIME AFTER 2 HOURS IF NEEDED,take 1 tablet 100 mg total by mouth once as needed for migraine headache may repeat one time after 2 hours if needed,take,0,4,take,1,,tablet,4,13, 1 tablet,100,,mg,13,20, 100 mg,by mouth,7,13,tablet,,,,,,,,,,,,1,84,92,one time,once,,,,,,,,,,,1,"migraine,headache",41,116,as needed for migraine headache may repeat one time after 2 hours if needed
TAKE 1 TABLET (150 MG TOTAL) BY MOUTH AS DIRECTED. TAKE ONE TAB NOW. REPEAT IN 7 DAYS IF SYMPTOMS PERSIST,take 1 tablet 150 mg total by mouth as directed take one tab now repeat in 7 days if symptoms persist,take,0,4,take,1,,tablet,4,13, 1 tablet,150,,mg,13,20, 150 mg,by mouth,7,13,tablet,1,,1,,day,,,,,,,,77,80,day,daily,,,,,,,,,,,,,,,
TAKE 1 TABLET (150 MG TOTAL) BY MOUTH EVERY 30 (THIRTY) DAYS,take 1 tablet 150 mg total by mouth every 30 thirty days,take,0,4,take,1,,tablet,4,13, 1 tablet,150,,mg,13,20, 150 mg,by mouth,7,13,tablet,1,,30,,day,,,,,,,,36,55,every 30 thirty day,every 30 days,,,,,,,,,,,,,,,
"TAKE 1 TABLET (150 MG TOTAL) BY MOUTH EVERY 30 (THIRTY) DAYS. TAKE IN AM WITH GLASS OF WATER PRIOR TO FOOD, DON'T LIE DOWN FOR 30 MINUTES",take 1 tablet 150 mg total by mouth every 30 thirty days take in am with glass of water prior to food dont lie down for 30 minutes,take,0,4,take,1,,tablet,4,13, 1 tablet,150,,mg,13,20, 150 mg,by mouth,7,13,tablet,1,,30,,day,,,,,,,,36,55,every 30 thirty day,every 30 days,in the morning,65,67,am,,,,,,,,,,,
TAKE 1 TABLET (150 MG TOTAL) BY MOUTH ONCE FOR 1 DOSE,take 1 tablet 150 mg total by mouth once for 1 dose,take,0,4,take,1,,tablet,4,13, 1 tablet,150,,mg,13,20, 150 mg,by mouth,7,13,tablet,,,,,,,,,,,,1,41,51,for 1 dose,once,,,,,,,,,,,,,,,
TAKE 1 TABLET (150 MG TOTAL) BY MOUTH ONCE FOR 1 DOSE. REPEAT IN 3 DAYS IF SYMPTOMS PERSIST,take 1 tablet 150 mg total by mouth once for 1 dose repeat in 3 days if symptoms persist,take,0,4,take,1,,tablet,4,13, 1 tablet,150,,mg,13,20, 150 mg,by mouth,7,13,tablet,,,,,,,,,,,,1,41,51,for 1 dose,once,,,,,,,,,,,,,,,
TAKE 1 TABLET (150 MG TOTAL) BY MOUTH ONCE FOR 1 DOSE. REPEAT IN 7 DAYS IF SYMPTOMS PERSIST,take 1 tablet 150 mg total by mouth once for 1 dose repeat in 7 days if symptoms persist,take,0,4,take,1,,tablet,4,13, 1 tablet,150,,mg,13,20, 150 mg,by mouth,7,13,tablet,,,,,,,,,,,,1,41,51,for 1 dose,once,,,,,,,,,,,,,,,
TAKE 1 TABLET (150 MG TOTAL) BY MOUTH ONCE FOR 1 DOSE. TAKE ONE TODAY AND ONE ON DAY 3 IF STILL SX,take 1 tablet 150 mg total by mouth once for 1 dose take one today and one on day 3 if still sx,take,0,4,take,1,,tablet,4,13, 1 tablet,150,,mg,13,20, 150 mg,by mouth,7,13,tablet,,,,,,,,,,,,1,41,51,for 1 dose,once,,,,,1,1,day,75,83,3,,,,,
TAKE 1 TABLET (150 MG) BY ORAL ROUTE ONCE,take 1 tablet 150 mg by oral route once,take,0,4,take,1,,tablet,4,13, 1 tablet,150,,mg,13,20, 150 mg,by mouth,7,13,tablet,,,,,,,,,,,,1,35,39,once,once,,,,,,,,,,,,,,,
TAKE 1 TABLET (2 MG TOTAL) BY MOUTH ONCE FOR 1 DOSE,take 1 tablet 2 mg total by mouth once for 1 dose,take,0,4,take,1,,tablet,4,13, 1 tablet,2,,mg,13,18, 2 mg,by mouth,7,13,tablet,,,,,,,,,,,,1,39,49,for 1 dose,once,,,,,,,,,,,,,,,
TAKE 1 TABLET (20 MG TOTAL) BY MOUTH EVERY 12 (TWELVE) HOURS,take 1 tablet 20 mg total by mouth every 12 twelve hours,take,0,4,take,1,,tablet,4,13, 1 tablet,20,,mg,13,19, 20 mg,by mouth,7,13,tablet,1,,12,,hour,,,,,,,,35,55,every 12 twelve hour,every 12 hours,,,,,,,,,,,,,,,
TAKE 1 TABLET (20 MG TOTAL) BY MOUTH EVERY 6 (SIX) HOURS,take 1 tablet 20 mg total by mouth every 6 six hours,take,0,4,take,1,,tablet,4,13, 1 tablet,20,,mg,13,19, 20 mg,by mouth,7,13,tablet,1,,6,,hour,,,,,,,,35,51,every 6 six hour,every 6 hours,,,,,,,,,,,,,,,
TAKE 1 TABLET (25 MG TOTAL) BY MOUTH EVERY 12 (TWELVE) HOURS,take 1 tablet 25 mg total by mouth every 12 twelve hours,take,0,4,take,1,,tablet,4,13, 1 tablet,25,,mg,13,19, 25 mg,by mouth,7,13,tablet,1,,12,,hour,,,,,,,,35,55,every 12 twelve hour,every 12 hours,,,,,,,,,,,,,,,
TAKE 1 TABLET (25 MG TOTAL) BY MOUTH EVERY 6 (SIX) HOURS AS NEEDED FOR ITCHING,take 1 tablet 25 mg total by mouth every 6 six hours as needed for itching,take,0,4,take,1,,tablet,4,13, 1 tablet,25,,mg,13,19, 25 mg,by mouth,7,13,tablet,1,,6,,hour,,,,,,,,35,51,every 6 six hour,every 6 hours,,,,,,,,,,,1,itching,53,74,as needed for itching
TAKE 1 TABLET (25 MG TOTAL) BY MOUTH EVERY 6 (SIX) HOURS AS NEEDED FOR NAUSEA,take 1 tablet 25 mg total by mouth every 6 six hours as needed for nausea,take,0,4,take,1,,tablet,4,13, 1 tablet,25,,mg,13,19, 25 mg,by mouth,7,13,tablet,1,,6,,hour,,,,,,,,35,51,every 6 six hour,every 6 hours,,,,,,,,,,,1,nausea,53,73,as needed for nausea
TAKE 1 TABLET (25 MG TOTAL) BY MOUTH EVERY 8 (EIGHT) HOURS AS NEEDED FOR ITCHING,take 1 tablet 25 mg total by mouth every 8 eight hours as needed for itching,take,0,4,take,1,,tablet,4,13, 1 tablet,25,,mg,13,19, 25 mg,by mouth,7,13,tablet,1,,8,,hour,,,,,,,,35,53,every 8 eight hour,every 8 hours,,,,,,,,,,,1,itching,55,76,as needed for itching
TAKE 1 TABLET (25 MG TOTAL) BY MOUTH EVERY 8 (EIGHT) HOURS AS NEEDED FOR NAUSEA,take 1 tablet 25 mg total by mouth every 8 eight hours as needed for nausea,take,0,4,take,1,,tablet,4,13, 1 tablet,25,,mg,13,19, 25 mg,by mouth,7,13,tablet,1,,8,,hour,,,,,,,,35,53,every 8 eight hour,every 8 hours,,,,,,,,,,,1,nausea,55,75,as needed for nausea
TAKE 1 TABLET (30 MG TOTAL) BY MOUTH EVERY 12 (TWELVE) HOURS,take 1 tablet 30 mg total by mouth every 12 twelve hours,take,0,4,take,1,,tablet,4,13, 1 tablet,30,,mg,13,19, 30 mg,by mouth,7,13,tablet,1,,12,,hour,,,,,,,,35,55,every 12 twelve hour,every 12 hours,,,,,,,,,,,,,,,
TAKE 1 TABLET (4 MG TOTAL) BY MOUTH EVERY 4 (FOUR) HOURS,take 1 tablet 4 mg total by mouth every 4 four hours,take,0,4,take,1,,tablet,4,13, 1 tablet,4,,mg,13,18, 4 mg,by mouth,7,13,tablet,1,,4,,hour,,,,,,,,34,51,every 4 four hour,every 4 hours,,,,,,,,,,,,,,,
TAKE 1 TABLET (4 MG TOTAL) BY MOUTH EVERY 4 (FOUR) HOURS AS NEEDED FOR NAUSEA OR VOMITING,take 1 tablet 4 mg total by mouth every 4 four hours as needed for nausea or vomiting,take,0,4,take,1,,tablet,4,13, 1 tablet,4,,mg,13,18, 4 mg,by mouth,7,13,tablet,1,,4,,hour,,,,,,,,34,51,every 4 four hour,every 4 hours,,,,,,,,,,,1,"nausea,vomiting",53,85,as needed for nausea or vomiting
TAKE 1 TABLET (4 MG TOTAL) BY MOUTH EVERY 6 (SIX) HOURS,take 1 tablet 4 mg total by mouth every 6 six hours,take,0,4,take,1,,tablet,4,13, 1 tablet,4,,mg,13,18, 4 mg,by mouth,7,13,tablet,1,,6,,hour,,,,,,,,34,50,every 6 six hour,every 6 hours,,,,,,,,,,,,,,,
TAKE 1 TABLET (4 MG TOTAL) BY MOUTH EVERY 6 (SIX) HOURS AS NEEDED FOR NAUSEA FOR UP TO 5 DAYS,take 1 tablet 4 mg total by mouth every 6 six hours as needed for nausea for up to 5 days,take,0,4,take,1,,tablet,4,13, 1 tablet,4,,mg,13,18, 4 mg,by mouth,7,13,tablet,1,,6,,hour,,,,,,,,34,50,every 6 six hour,every 6 hours,,,,,,,,,,,1,nausea,52,89,as needed for nausea for up to 5 days
TAKE 1 TABLET (4 MG TOTAL) BY MOUTH EVERY 6 (SIX) HOURS AS NEEDED FOR NAUSEA OR VOMITING,take 1 tablet 4 mg total by mouth every 6 six hours as needed for nausea or vomiting,take,0,4,take,1,,tablet,4,13, 1 tablet,4,,mg,13,18, 4 mg,by mouth,7,13,tablet,1,,6,,hour,,,,,,,,34,50,every 6 six hour,every 6 hours,,,,,,,,,,,1,"nausea,vomiting",52,84,as needed for nausea or vomiting
TAKE 1 TABLET (4 MG TOTAL) BY MOUTH EVERY 6 (SIX) HOURS AS NEEDED FOR NAUSEA OR VOMITING FOR UP TO 7 DAYS,take 1 tablet 4 mg total by mouth every 6 six hours as needed for nausea or vomiting for up to 7 days,take,0,4,take,1,,tablet,4,13, 1 tablet,4,,mg,13,18, 4 mg,by mouth,7,13,tablet,1,,6,,hour,,,,,,,,34,50,every 6 six hour,every 6 hours,,,,,,,,,,,1,"nausea,vomiting",52,101,as needed for nausea or vomiting for up to 7 days
TAKE 1 TABLET (4 MG TOTAL) BY MOUTH EVERY 6 (SIX) HOURS FOR 3 DAYS,take 1 tablet 4 mg total by mouth every 6 six hours for 3 days,take,0,4,take,1,,tablet,4,13, 1 tablet,4,,mg,13,18, 4 mg,by mouth,7,13,tablet,1,,6,,hour,,,,,,,,34,50,every 6 six hour,every 6 hours,,,,,3,,day,52,61,3 day,,,,,
TAKE 1 TABLET (4 MG TOTAL) BY MOUTH EVERY 8 (EIGHT) HOURS AS NEEDED FOR NAUSEA,take 1 tablet 4 mg total by mouth every 8 eight hours as needed for nausea,take,0,4,take,1,,tablet,4,13, 1 tablet,4,,mg,13,18, 4 mg,by mouth,7,13,tablet,1,,8,,hour,,,,,,,,34,52,every 8 eight hour,every 8 hours,,,,,,,,,,,1,nausea,54,74,as needed for nausea
TAKE 1 TABLET (4 MG TOTAL) BY MOUTH EVERY 8 (EIGHT) HOURS AS NEEDED FOR NAUSEA FOR UP TO 7 DAYS,take 1 tablet 4 mg total by mouth every 8 eight hours as needed for nausea for up to 7 days,take,0,4,take,1,,tablet,4,13, 1 tablet,4,,mg,13,18, 4 mg,by mouth,7,13,tablet,1,,8,,hour,,,,,,,,34,52,every 8 eight hour,every 8 hours,,,,,,,,,,,1,nausea,54,91,as needed for nausea for up to 7 days
TAKE 1 TABLET (4 MG TOTAL) BY MOUTH EVERY 8 (EIGHT) HOURS AS NEEDED FOR NAUSEA OR VOMITING,take 1 tablet 4 mg total by mouth every 8 eight hours as needed for nausea or vomiting,take,0,4,take,1,,tablet,4,13, 1 tablet,4,,mg,13,18, 4 mg,by mouth,7,13,tablet,1,,8,,hour,,,,,,,,34,52,every 8 eight hour,every 8 hours,,,,,,,,,,,1,"nausea,vomiting",54,86,as needed for nausea or vomiting
TAKE 1 TABLET (4 MG TOTAL) BY MOUTH MEDROL DOSE PACK SCHEDULING ONLY FOR 6 DAYS. USE AS DIRECTED BY PACKAGE INSTRUCTIONS,take 1 tablet 4 mg total by mouth medrol dose pack scheduling only for 6 days use as directed by package instructions,take,0,4,take,1,,tablet,4,13, 1 tablet,4,,mg,13,18, 4 mg,by mouth,7,13,tablet,1,,1,,day,,,,,,,,73,76,day,daily,,,,,6,,day,67,76,6 day,,,,,
TAKE 1 TABLET (4 MG TOTAL) BY MOUTH ONCE FOR 1 DOSE,take 1 tablet 4 mg total by mouth once for 1 dose,take,0,4,take,1,,tablet,4,13, 1 tablet,4,,mg,13,18, 4 mg,by mouth,7,13,tablet,,,,,,,,,,,,1,39,49,for 1 dose,once,,,,,,,,,,,,,,,
TAKE 1 TABLET (40 MG TOTAL) BY MOUTH EVERY 12 (TWELVE) HOURS,take 1 tablet 40 mg total by mouth every 12 twelve hours,take,0,4,take,1,,tablet,4,13, 1 tablet,40,,mg,13,19, 40 mg,by mouth,7,13,tablet,1,,12,,hour,,,,,,,,35,55,every 12 twelve hour,every 12 hours,,,,,,,,,,,,,,,
TAKE 1 TABLET (400 MG TOTAL) BY MOUTH EVERY 12 (TWELVE) HOURS,take 1 tablet 400 mg total by mouth every 12 twelve hours,take,0,4,take,1,,tablet,4,13, 1 tablet,400,,mg,13,20, 400 mg,by mouth,7,13,tablet,1,,12,,hour,,,,,,,,36,56,every 12 twelve hour,every 12 hours,,,,,,,,,,,,,,,
TAKE 1 TABLET (400 MG TOTAL) BY MOUTH EVERY 8 (EIGHT) HOURS,take 1 tablet 400 mg total by mouth every 8 eight hours,take,0,4,take,1,,tablet,4,13, 1 tablet,400,,mg,13,20, 400 mg,by mouth,7,13,tablet,1,,8,,hour,,,,,,,,36,54,every 8 eight hour,every 8 hours,,,,,,,,,,,,,,,
TAKE 1 TABLET (400 MG TOTAL) BY MOUTH EVERY 8 (EIGHT) HOURS FOR 10 DAYS,take 1 tablet 400 mg total by mouth every 8 eight hours for 10 days,take,0,4,take,1,,tablet,4,13, 1 tablet,400,,mg,13,20, 400 mg,by mouth,7,13,tablet,1,,8,,hour,,,,,,,,36,54,every 8 eight hour,every 8 hours,,,,,10,,day,56,66,10 day,,,,,
TAKE 1 TABLET (400 MG TOTAL) BY MOUTH EVERY 8 (EIGHT) HOURS FOR 5 DAYS,take 1 tablet 400 mg total by mouth every 8 eight hours for 5 days,take,0,4,take,1,,tablet,4,13, 1 tablet,400,,mg,13,20, 400 mg,by mouth,7,13,tablet,1,,8,,hour,,,,,,,,36,54,every 8 eight hour,every 8 hours,,,,,5,,day,56,65,5 day,,,,,
TAKE 1 TABLET (400 MG TOTAL) BY MOUTH EVERY 8 (EIGHT) HOURS FOR 7 DAYS,take 1 tablet 400 mg total by mouth every 8 eight hours for 7 days,take,0,4,take,1,,tablet,4,13, 1 tablet,400,,mg,13,20, 400 mg,by mouth,7,13,tablet,1,,8,,hour,,,,,,,,36,54,every 8 eight hour,every 8 hours,,,,,7,,day,56,65,7 day,,,,,
TAKE 1 TABLET (5 MG TOTAL) BY MOUTH EVERY 12 (TWELVE) HOURS,take 1 tablet 5 mg total by mouth every 12 twelve hours,take,0,4,take,1,,tablet,4,13, 1 tablet,5,,mg,13,18, 5 mg,by mouth,7,13,tablet,1,,12,,hour,,,,,,,,34,54,every 12 twelve hour,every 12 hours,,,,,,,,,,,,,,,
TAKE 1 TABLET (5 MG TOTAL) BY MOUTH EVERY 4 (FOUR) HOURS AS NEEDED FOR MODERATE PAIN,take 1 tablet 5 mg total by mouth every 4 four hours as needed for moderate pain,take,0,4,take,1,,tablet,4,13, 1 tablet,5,,mg,13,18, 5 mg,by mouth,7,13,tablet,1,,4,,hour,,,,,,,,34,51,every 4 four hour,every 4 hours,,,,,,,,,,,1,moderate pain,53,80,as needed for moderate pain
TAKE 1 TABLET (5 MG TOTAL) BY MOUTH EVERY 6 (SIX) HOURS AS NEEDED FOR MODERATE PAIN,take 1 tablet 5 mg total by mouth every 6 six hours as needed for moderate pain,take,0,4,take,1,,tablet,4,13, 1 tablet,5,,mg,13,18, 5 mg,by mouth,7,13,tablet,1,,6,,hour,,,,,,,,34,50,every 6 six hour,every 6 hours,,,,,,,,,,,1,moderate pain,52,79,as needed for moderate pain
TAKE 1 TABLET (5 MG TOTAL) BY MOUTH EVERY 6 (SIX) HOURS AS NEEDED FOR MODERATE PAIN FOR UP TO 3 DAYS,take 1 tablet 5 mg total by mouth every 6 six hours as needed for moderate pain for up to 3 days,take,0,4,take,1,,tablet,4,13, 1 tablet,5,,mg,13,18, 5 mg,by mouth,7,13,tablet,1,,6,,hour,,,,,,,,34,50,every 6 six hour,every 6 hours,,,,,,,,,,,1,moderate pain,52,96,as needed for moderate pain for up to 3 days
TAKE 1 TABLET (5 MG TOTAL) BY MOUTH EVERY 8 (EIGHT) HOURS AS NEEDED FOR MUSCLE SPASMS,take 1 tablet 5 mg total by mouth every 8 eight hours as needed for muscle spasms,take,0,4,take,1,,tablet,4,13, 1 tablet,5,,mg,13,18, 5 mg,by mouth,7,13,tablet,1,,8,,hour,,,,,,,,34,52,every 8 eight hour,every 8 hours,,,,,,,,,,,1,muscle spasm,54,81,as needed for muscle spasms
TAKE 1 TABLET (5 MG TOTAL) BY MOUTH ONCE FOR 1 DOSE,take 1 tablet 5 mg total by mouth once for 1 dose,take,0,4,take,1,,tablet,4,13, 1 tablet,5,,mg,13,18, 5 mg,by mouth,7,13,tablet,,,,,,,,,,,,1,39,49,for 1 dose,once,,,,,,,,,,,,,,,
TAKE 1 TABLET (50 MG TOTAL) BY MOUTH EVERY 12 (TWELVE) HOURS,take 1 tablet 50 mg total by mouth every 12 twelve hours,take,0,4,take,1,,tablet,4,13, 1 tablet,50,,mg,13,19, 50 mg,by mouth,7,13,tablet,1,,12,,hour,,,,,,,,35,55,every 12 twelve hour,every 12 hours,,,,,,,,,,,,,,,
TAKE 1 TABLET (50 MG TOTAL) BY MOUTH EVERY 6 (SIX) HOURS,take 1 tablet 50 mg total by mouth every 6 six hours,take,0,4,take,1,,tablet,4,13, 1 tablet,50,,mg,13,19, 50 mg,by mouth,7,13,tablet,1,,6,,hour,,,,,,,,35,51,every 6 six hour,every 6 hours,,,,,,,,,,,,,,,
TAKE 1 TABLET (50 MG TOTAL) BY MOUTH ONCE AS NEEDED FOR MIGRAINE (HEADACHE). MAY REPEAT ONE TIME AFTER 2 HOURS IF NEEDED,take 1 tablet 50 mg total by mouth once as needed for migraine headache may repeat one time after 2 hours if needed,take,0,4,take,1,,tablet,4,13, 1 tablet,50,,mg,13,19, 50 mg,by mouth,7,13,tablet,,,,,,,,,,,,1,83,91,one time,once,,,,,,,,,,,1,"migraine,headache",40,115,as needed for migraine headache may repeat one time after 2 hours if needed
TAKE 1 TABLET (500 MG TOTAL) BY MOUTH EVERY 12 (TWELVE) HOURS,take 1 tablet 500 mg total by mouth every 12 twelve hours,take,0,4,take,1,,tablet,4,13, 1 tablet,500,,mg,13,20, 500 mg,by mouth,7,13,tablet,1,,12,,hour,,,,,,,,36,56,every 12 twelve hour,every 12 hours,,,,,,,,,,,,,,,
TAKE 1 TABLET (500 MG TOTAL) BY MOUTH EVERY 12 (TWELVE) HOURS FOR 10 DAYS,take 1 tablet 500 mg total by mouth every 12 twelve hours for 10 days,take,0,4,take,1,,tablet,4,13, 1 tablet,500,,mg,13,20, 500 mg,by mouth,7,13,tablet,1,,12,,hour,,,,,,,,36,56,every 12 twelve hour,every 12 hours,,,,,10,,day,58,68,10 day,,,,,
TAKE 1 TABLET (500 MG TOTAL) BY MOUTH EVERY 12 (TWELVE) HOURS FOR 7 DAYS,take 1 tablet 500 mg total by mouth every 12 twelve hours for 7 days,take,0,4,take,1,,tablet,4,13, 1 tablet,500,,mg,13,20, 500 mg,by mouth,7,13,tablet,1,,12,,hour,,,,,,,,36,56,every 12 twelve hour,every 12 hours,,,,,7,,day,58,67,7 day,,,,,
TAKE 1 TABLET (600 MG TOTAL) BY MOUTH EVERY 8 (EIGHT) HOURS FOR 7 DAYS,take 1 tablet 600 mg total by mouth every 8 eight hours for 7 days,take,0,4,take,1,,tablet,4,13, 1 tablet,600,,mg,13,20, 600 mg,by mouth,7,13,tablet,1,,8,,hour,,,,,,,,36,54,every 8 eight hour,every 8 hours,,,,,7,,day,56,65,7 day,,,,,
TAKE 1 TABLET (8 MG TOTAL) BY MOUTH EVERY 8 (EIGHT) HOURS AS NEEDED FOR NAUSEA,take 1 tablet 8 mg total by mouth every 8 eight hours as needed for nausea,take,0,4,take,1,,tablet,4,13, 1 tablet,8,,mg,13,18, 8 mg,by mouth,7,13,tablet,1,,8,,hour,,,,,,,,34,52,every 8 eight hour,every 8 hours,,,,,,,,,,,1,nausea,54,74,as needed for nausea
TAKE 1 TABLET (8 MG TOTAL) BY MOUTH EVERY 8 (EIGHT) HOURS AS NEEDED FOR NAUSEA OR VOMITING,take 1 tablet 8 mg total by mouth every 8 eight hours as needed for nausea or vomiting,take,0,4,take,1,,tablet,4,13, 1 tablet,8,,mg,13,18, 8 mg,by mouth,7,13,tablet,1,,8,,hour,,,,,,,,34,52,every 8 eight hour,every 8 hours,,,,,,,,,,,1,"nausea,vomiting",54,86,as needed for nausea or vomiting
TAKE 1 TABLET (800 MG TOTAL) BY MOUTH EVERY 8 (EIGHT) HOURS FOR 10 DAYS,take 1 tablet 800 mg total by mouth every 8 eight hours for 10 days,take,0,4,take,1,,tablet,4,13, 1 tablet,800,,mg,13,20, 800 mg,by mouth,7,13,tablet,1,,8,,hour,,,,,,,,36,54,every 8 eight hour,every 8 hours,,,,,10,,day,56,66,10 day,,,,,
TAKE 1 TABLET (875 MG TOTAL) BY MOUTH EVERY 12 (TWELVE) HOURS,take 1 tablet 875 mg total by mouth every 12 twelve hours,take,0,4,take,1,,tablet,4,13, 1 tablet,875,,mg,13,20, 875 mg,by mouth,7,13,tablet,1,,12,,hour,,,,,,,,36,56,every 12 twelve hour,every 12 hours,,,,,,,,,,,,,,,
TAKE 1 TABLET (875 MG TOTAL) BY MOUTH EVERY 12 (TWELVE) HOURS FOR 10 DAYS,take 1 tablet 875 mg total by mouth every 12 twelve hours for 10 days,take,0,4,take,1,,tablet,4,13, 1 tablet,875,,mg,13,20, 875 mg,by mouth,7,13,tablet,1,,12,,hour,,,,,,,,36,56,every 12 twelve hour,every 12 hours,,,,,10,,day,58,68,10 day,,,,,
TAKE 1 TABLET BY MOUTH AS DIRECTED,take 1 tablet by mouth as directed,take,0,4,take,1,,tablet,4,13, 1 tablet,,,,,,,by mouth,7,13,tablet,,,,,,,,,,,,,23,34,as directed,as directed,,,,,,,,,,,,,,,
TAKE 1 TABLET BY MOUTH AT BEDTIME IF NEEDED,take 1 tablet by mouth at bedtime if needed,take,0,4,take,1,,tablet,4,13, 1 tablet,,,,,,,by mouth,7,13,tablet,1,,1,,day,,,,,,,,23,33,at bedtime,daily,at bedtime,23,33,at bedtime,,,,,,,,,,,
TAKE 1 TABLET BY MOUTH EVERY 12 (TWELVE) HOURS,take 1 tablet by mouth every 12 twelve hours,take,0,4,take,1,,tablet,4,13, 1 tablet,,,,,,,by mouth,7,13,tablet,1,,12,,hour,,,,,,,,23,43,every 12 twelve hour,every 12 hours,,,,,,,,,,,,,,,
TAKE 1 TABLET BY MOUTH EVERY 12 (TWELVE) HOURS AS NEEDED,take 1 tablet by mouth every 12 twelve hours as needed,take,0,4,take,1,,tablet,4,13, 1 tablet,,,,,,,by mouth,7,13,tablet,1,,12,,hour,,,,,,,,23,43,every 12 twelve hour,every 12 hours,,,,,,,,,,,1,,45,54,as needed
TAKE 1 TABLET BY MOUTH EVERY 12 (TWELVE) HOURS FOR 10 DAYS,take 1 tablet by mouth every 12 twelve hours for 10 days,take,0,4,take,1,,tablet,4,13, 1 tablet,,,,,,,by mouth,7,13,tablet,1,,12,,hour,,,,,,,,23,43,every 12 twelve hour,every 12 hours,,,,,10,,day,45,55,10 day,,,,,
TAKE 1 TABLET BY MOUTH EVERY 12 (TWELVE) HOURS FOR 14 DAYS,take 1 tablet by mouth every 12 twelve hours for 14 days,take,0,4,take,1,,tablet,4,13, 1 tablet,,,,,,,by mouth,7,13,tablet,1,,12,,hour,,,,,,,,23,43,every 12 twelve hour,every 12 hours,,,,,14,,day,45,55,14 day,,,,,
TAKE 1 TABLET BY MOUTH EVERY 12 (TWELVE) HOURS FOR 5 DAYS,take 1 tablet by mouth every 12 twelve hours for 5 days,take,0,4,take,1,,tablet,4,13, 1 tablet,,,,,,,by mouth,7,13,tablet,1,,12,,hour,,,,,,,,23,43,every 12 twelve hour,every 12 hours,,,,,5,,day,45,54,5 day,,,,,
TAKE 1 TABLET BY MOUTH EVERY 12 (TWELVE) HOURS FOR 7 DAYS,take 1 tablet by mouth every 12 twelve hours for 7 days,take,0,4,take,1,,tablet,4,13, 1 tablet,,,,,,,by mouth,7,13,tablet,1,,12,,hour,,,,,,,,23,43,every 12 twelve hour,every 12 hours,,,,,7,,day,45,54,7 day,,,,,
TAKE 1 TABLET BY MOUTH EVERY 4 (FOUR) HOURS,take 1 tablet by mouth every 4 four hours,take,0,4,take,1,,tablet,4,13, 1 tablet,,,,,,,by mouth,7,13,tablet,1,,4,,hour,,,,,,,,23,40,every 4 four hour,every 4 hours,,,,,,,,,,,,,,,
TAKE 1 TABLET BY MOUTH EVERY 4 (FOUR) HOURS AS NEEDED,take 1 tablet by mouth every 4 four hours as needed,take,0,4,take,1,,tablet,4,13, 1 tablet,,,,,,,by mouth,7,13,tablet,1,,4,,hour,,,,,,,,23,40,every 4 four hour,every 4 hours,,,,,,,,,,,1,,42,51,as needed
TAKE 1 TABLET BY MOUTH EVERY 4 (FOUR) HOURS AS NEEDED FOR MODERATE PAIN,take 1 tablet by mouth every 4 four hours as needed for moderate pain,take,0,4,take,1,,tablet,4,13, 1 tablet,,,,,,,by mouth,7,13,tablet,1,,4,,hour,,,,,,,,23,40,every 4 four hour,every 4 hours,,,,,,,,,,,1,moderate pain,42,69,as needed for moderate pain
TAKE 1 TABLET BY MOUTH EVERY 4 (FOUR) HOURS AS NEEDED FOR MODERATE PAIN FOR UP TO 3 DAYS,take 1 tablet by mouth every 4 four hours as needed for moderate pain for up to 3 days,take,0,4,take,1,,tablet,4,13, 1 tablet,,,,,,,by mouth,7,13,tablet,1,,4,,hour,,,,,,,,23,40,every 4 four hour,every 4 hours,,,,,,,,,,,1,moderate pain,42,86,as needed for moderate pain for up to 3 days
TAKE 1 TABLET BY MOUTH EVERY 4 (FOUR) HOURS AS NEEDED FOR PAIN,take 1 tablet by mouth every 4 four hours as needed for pain,take,0,4,take,1,,tablet,4,13, 1 tablet,,,,,,,by mouth,7,13,tablet,1,,4,,hour,,,,,,,,23,40,every 4 four hour,every 4 hours,,,,,,,,,,,1,pain,42,60,as needed for pain
TAKE 1 TABLET BY MOUTH EVERY 6 (SIX) HOURS,take 1 tablet by mouth every 6 six hours,take,0,4,take,1,,tablet,4,13, 1 tablet,,,,,,,by mouth,7,13,tablet,1,,6,,hour,,,,,,,,23,39,every 6 six hour,every 6 hours,,,,,,,,,,,,,,,
TAKE 1 TABLET BY MOUTH EVERY 6 (SIX) HOURS AS NEEDED,take 1 tablet by mouth every 6 six hours as needed,take,0,4,take,1,,tablet,4,13, 1 tablet,,,,,,,by mouth,7,13,tablet,1,,6,,hour,,,,,,,,23,39,every 6 six hour,every 6 hours,,,,,,,,,,,1,,41,50,as needed
TAKE 1 TABLET BY MOUTH EVERY 6 (SIX) HOURS AS NEEDED FOR MODERATE PAIN,take 1 tablet by mouth every 6 six hours as needed for moderate pain,take,0,4,take,1,,tablet,4,13, 1 tablet,,,,,,,by mouth,7,13,tablet,1,,6,,hour,,,,,,,,23,39,every 6 six hour,every 6 hours,,,,,,,,,,,1,moderate pain,41,68,as needed for moderate pain
TAKE 1 TABLET BY MOUTH EVERY 6 (SIX) HOURS AS NEEDED FOR MODERATE PAIN FOR UP TO 3 DAYS,take 1 tablet by mouth every 6 six hours as needed for moderate pain for up to 3 days,take,0,4,take,1,,tablet,4,13, 1 tablet,,,,,,,by mouth,7,13,tablet,1,,6,,hour,,,,,,,,23,39,every 6 six hour,every 6 hours,,,,,,,,,,,1,moderate pain,41,85,as needed for moderate pain for up to 3 days
TAKE 1 TABLET BY MOUTH EVERY 6 (SIX) HOURS AS NEEDED FOR PAIN,take 1 tablet by mouth every 6 six hours as needed for pain,take,0,4,take,1,,tablet,4,13, 1 tablet,,,,,,,by mouth,7,13,tablet,1,,6,,hour,,,,,,,,23,39,every 6 six hour,every 6 hours,,,,,,,,,,,1,pain,41,59,as needed for pain
TAKE 1 TABLET BY MOUTH EVERY 6 HOURS IF NEEDED,take 1 tablet by mouth every 6 hours if needed,take,0,4,take,1,,tablet,4,13, 1 tablet,,,,,,,by mouth,7,13,tablet,1,,6,,hour,,,,,,,,23,35,every 6 hour,every 6 hours,,,,,,,,,,,,,,,
TAKE 1 TABLET BY MOUTH EVERY 8 (EIGHT) HOURS AS NEEDED,take 1 tablet by mouth every 8 eight hours as needed,take,0,4,take,1,,tablet,4,13, 1 tablet,,,,,,,by mouth,7,13,tablet,1,,8,,hour,,,,,,,,23,41,every 8 eight hour,every 8 hours,,,,,,,,,,,1,,43,52,as needed
TAKE 1 TABLET BY MOUTH EVERY 8 (EIGHT) HOURS AS NEEDED FOR MODERATE PAIN,take 1 tablet by mouth every 8 eight hours as needed for moderate pain,take,0,4,take,1,,tablet,4,13, 1 tablet,,,,,,,by mouth,7,13,tablet,1,,8,,hour,,,,,,,,23,41,every 8 eight hour,every 8 hours,,,,,,,,,,,1,moderate pain,43,70,as needed for moderate pain
TAKE 1 TABLET BY MOUTH EVERY 8 HOURS IF NEEDED,take 1 tablet by mouth every 8 hours if needed,take,0,4,take,1,,tablet,4,13, 1 tablet,,,,,,,by mouth,7,13,tablet,1,,8,,hour,,,,,,,,23,35,every 8 hour,every 8 hours,,,,,,,,,,,,,,,
TAKE 1 TABLET BY MOUTH ONCE,take 1 tablet by mouth once,take,0,4,take,1,,tablet,4,13, 1 tablet,,,,,,,by mouth,7,13,tablet,,,,,,,,,,,,1,23,27,once,once,,,,,,,,,,,,,,,
TAKE 1 TABLET BY MOUTH THREE TIMES A DAY IF NEEDED,take 1 tablet by mouth three times a day if needed,take,0,4,take,1,,tablet,4,13, 1 tablet,,,,,,,by mouth,7,13,tablet,1,,1,,day,,,,,,,,35,40,a day,daily,,,,,,,,,,,,,,,
TAKE 1 TABLET BY MOUTH TWICE A DAY IF NEEDED,take 1 tablet by mouth twice a day if needed,take,0,4,take,1,,tablet,4,13, 1 tablet,,,,,,,by mouth,7,13,tablet,1,,1,,day,,,,,,,,29,34,a day,daily,,,,,,,,,,,,,,,
"TAKE 1,000 UNITS BY MOUTH ONCE IN IMAGING",take 1000 units by mouth once in imaging,take,0,4,take,,,,,,,1000,,units,4,15, 1000 units,by mouth,16,24,by mouth,,,,,,,,,,,,1,25,40,once in imaging,once,,,,,,,,,,,,,,,
TAKE 10 MG BY MOUTH EVERY 12 (TWELVE) HOURS,take 10 mg by mouth every 12 twelve hours,take,0,4,take,,,,,,,10,,mg,4,10, 10 mg,by mouth,11,19,by mouth,1,,12,,hour,,,,,,,,20,40,every 12 twelve hour,every 12 hours,,,,,,,,,,,,,,,
TAKE 10 MG BY MOUTH EVERY 6 (SIX) HOURS AS NEEDED,take 10 mg by mouth every 6 six hours as needed,take,0,4,take,,,,,,,10,,mg,4,10, 10 mg,by mouth,11,19,by mouth,1,,6,,hour,,,,,,,,20,36,every 6 six hour,every 6 hours,,,,,,,,,,,1,,38,47,as needed
TAKE 10 MG BY MOUTH EVERY 8 (EIGHT) HOURS AS NEEDED,take 10 mg by mouth every 8 eight hours as needed,take,0,4,take,,,,,,,10,,mg,4,10, 10 mg,by mouth,11,19,by mouth,1,,8,,hour,,,,,,,,20,38,every 8 eight hour,every 8 hours,,,,,,,,,,,1,,40,49,as needed
TAKE 10 MG BY MOUTH ONCE IN IMAGING,take 10 mg by mouth once in imaging,take,0,4,take,,,,,,,10,,mg,4,10, 10 mg,by mouth,11,19,by mouth,,,,,,,,,,,,1,20,35,once in imaging,once,,,,,,,,,,,,,,,
TAKE 10 ML (500 MG TOTAL) BY MOUTH EVERY 12 (TWELVE) HOURS FOR 10 DAYS,take 10 ml 500 mg total by mouth every 12 twelve hours for 10 days,take,0,4,take,10,,mL,4,10, 10 ml,500,,mg,10,17, 500 mg,by mouth,24,32,by mouth,1,,12,,hour,,,,,,,,33,53,every 12 twelve hour,every 12 hours,,,,,10,,day,55,65,10 day,,,,,
TAKE 10 ML (800 MG TOTAL) BY MOUTH EVERY 12 (TWELVE) HOURS FOR 10 DAYS,take 10 ml 800 mg total by mouth every 12 twelve hours for 10 days,take,0,4,take,10,,mL,4,10, 10 ml,800,,mg,10,17, 800 mg,by mouth,24,32,by mouth,1,,12,,hour,,,,,,,,33,53,every 12 twelve hour,every 12 hours,,,,,10,,day,55,65,10 day,,,,,
TAKE 10 ML BY MOUTH EVERY 4 (FOUR) HOURS AS NEEDED FOR COUGH,take 10 ml by mouth every 4 four hours as needed for cough,take,0,4,take,10,,mL,4,10, 10 ml,,,,,,,by mouth,11,19,by mouth,1,,4,,hour,,,,,,,,20,37,every 4 four hour,every 4 hours,,,,,,,,,,,1,cough,39,58,as needed for cough
TAKE 10 ML BY MOUTH EVERY 6 (SIX) HOURS,take 10 ml by mouth every 6 six hours,take,0,4,take,10,,mL,4,10, 10 ml,,,,,,,by mouth,11,19,by mouth,1,,6,,hour,,,,,,,,20,36,every 6 six hour,every 6 hours,,,,,,,,,,,,,,,
TAKE 10.5 ML (840 MG TOTAL) BY MOUTH EVERY 12 (TWELVE) HOURS FOR 10 DAYS,take 10.5 ml 840 mg total by mouth every 12 twelve hours for 10 days,take,0,4,take,10.5,,mL,4,12, 10.5 ml,840,,mg,12,19, 840 mg,by mouth,26,34,by mouth,1,,12,,hour,,,,,,,,35,55,every 12 twelve hour,every 12 hours,,,,,10,,day,57,67,10 day,,,,,
TAKE 100 MG BY MOUTH ONCE IN IMAGING,take 100 mg by mouth once in imaging,take,0,4,take,,,,,,,100,,mg,4,11, 100 mg,by mouth,12,20,by mouth,,,,,,,,,,,,1,21,36,once in imaging,once,,,,,,,,,,,,,,,
TAKE 11 ML (880 MG TOTAL) BY MOUTH EVERY 12 (TWELVE) HOURS FOR 10 DAYS,take 11 ml 880 mg total by mouth every 12 twelve hours for 10 days,take,0,4,take,11,,mL,4,10, 11 ml,880,,mg,10,17, 880 mg,by mouth,24,32,by mouth,1,,12,,hour,,,,,,,,33,53,every 12 twelve hour,every 12 hours,,,,,10,,day,55,65,10 day,,,,,
"TAKE 12.5 ML (1,000 MG TOTAL) BY MOUTH EVERY 12 (TWELVE) HOURS FOR 10 DAYS",take 12.5 ml 1000 mg total by mouth every 12 twelve hours for 10 days,take,0,4,take,12.5,,mL,4,12, 12.5 ml,1000,,mg,12,20, 1000 mg,by mouth,27,35,by mouth,1,,12,,hour,,,,,,,,36,56,every 12 twelve hour,every 12 hours,,,,,10,,day,58,68,10 day,,,,,
TAKE 120 MG BY MOUTH EVERY 12 (TWELVE) HOURS,take 120 mg by mouth every 12 twelve hours,take,0,4,take,,,,,,,120,,mg,4,11, 120 mg,by mouth,12,20,by mouth,1,,12,,hour,,,,,,,,21,41,every 12 twelve hour,every 12 hours,,,,,,,,,,,,,,,
TAKE 150 MG BY MOUTH ONCE,take 150 mg by mouth once,take,0,4,take,,,,,,,150,,mg,4,11, 150 mg,by mouth,12,20,by mouth,,,,,,,,,,,,1,21,25,once,once,,,,,,,,,,,,,,,
"TAKE 2 TABLETS (1,000 MG TOTAL) BY MOUTH EVERY 12 (TWELVE) HOURS",take 2 tablets 1000 mg total by mouth every 12 twelve hours,take,0,4,take,2,,tablet,4,14, 2 tablets,1000,,mg,14,22, 1000 mg,by mouth,7,14,tablets,1,,12,,hour,,,,,,,,38,58,every 12 twelve hour,every 12 hours,,,,,,,,,,,,,,,
"TAKE 2 TABLETS (1,000 MG TOTAL) BY MOUTH EVERY 8 (EIGHT) HOURS",take 2 tablets 1000 mg total by mouth every 8 eight hours,take,0,4,take,2,,tablet,4,14, 2 tablets,1000,,mg,14,22, 1000 mg,by mouth,7,14,tablets,1,,8,,hour,,,,,,,,38,56,every 8 eight hour,every 8 hours,,,,,,,,,,,,,,,
"TAKE 2 TABLETS (1,000 MG TOTAL) BY MOUTH EVERY 8 (EIGHT) HOURS FOR 7 DAYS",take 2 tablets 1000 mg total by mouth every 8 eight hours for 7 days,take,0,4,take,2,,tablet,4,14, 2 tablets,1000,,mg,14,22, 1000 mg,by mouth,7,14,tablets,1,,8,,hour,,,,,,,,38,56,every 8 eight hour,every 8 hours,,,,,7,,day,58,67,7 day,,,,,
"TAKE 2 TABLETS (1,000 MG TOTAL) BY MOUTH ONCE FOR 1 DOSE",take 2 tablets 1000 mg total by mouth once for 1 dose,take,0,4,take,2,,tablet,4,14, 2 tablets,1000,,mg,14,22, 1000 mg,by mouth,7,14,tablets,,,,,,,,,,,,1,43,53,for 1 dose,once,,,,,,,,,,,,,,,
TAKE 2 TABLETS (100 MG TOTAL) BY MOUTH EVERY 12 (TWELVE) HOURS,take 2 tablets 100 mg total by mouth every 12 twelve hours,take,0,4,take,2,,tablet,4,14, 2 tablets,100,,mg,14,21, 100 mg,by mouth,7,14,tablets,1,,12,,hour,,,,,,,,37,57,every 12 twelve hour,every 12 hours,,,,,,,,,,,,,,,
TAKE 2 TABLETS (8 MG TOTAL) BY MOUTH EVERY 8 (EIGHT) HOURS AS NEEDED FOR NAUSEA OR VOMITING,take 2 tablets 8 mg total by mouth every 8 eight hours as needed for nausea or vomiting,take,0,4,take,2,,tablet,4,14, 2 tablets,8,,mg,14,19, 8 mg,by mouth,7,14,tablets,1,,8,,hour,,,,,,,,35,53,every 8 eight hour,every 8 hours,,,,,,,,,,,1,"nausea,vomiting",55,87,as needed for nausea or vomiting
TAKE 2.5 MG BY MOUTH,take 2.5 mg by mouth,take,0,4,take,,,,,,,2.5,,mg,4,11, 2.5 mg,by mouth,12,20,by mouth,,,,,,,,,,,,,,,,,,,,,,,,,,,,,,,
TAKE 200 MG BY MOUTH EVERY 6 (SIX) HOURS AS NEEDED FOR MILD PAIN,take 200 mg by mouth every 6 six hours as needed for mild pain,take,0,4,take,,,,,,,200,,mg,4,11, 200 mg,by mouth,12,20,by mouth,1,,6,,hour,,,,,,,,21,37,every 6 six hour,every 6 hours,,,,,,,,,,,1,mild pain,39,62,as needed for mild pain
TAKE 200 MG BY MOUTH EVERY 8 (EIGHT) HOURS,take 200 mg by mouth every 8 eight hours,take,0,4,take,,,,,,,200,,mg,4,11, 200 mg,by mouth,12,20,by mouth,1,,8,,hour,,,,,,,,21,39,every 8 eight hour,every 8 hours,,,,,,,,,,,,,,,
TAKE 25 MG BY MOUTH EVERY 6 (SIX) HOURS AS NEEDED,take 25 mg by mouth every 6 six hours as needed,take,0,4,take,,,,,,,25,,mg,4,10, 25 mg,by mouth,11,19,by mouth,1,,6,,hour,,,,,,,,20,36,every 6 six hour,every 6 hours,,,,,,,,,,,1,,38,47,as needed
TAKE 25 MG BY MOUTH EVERY 6 (SIX) HOURS AS NEEDED FOR ITCHING,take 25 mg by mouth every 6 six hours as needed for itching,take,0,4,take,,,,,,,25,,mg,4,10, 25 mg,by mouth,11,19,by mouth,1,,6,,hour,,,,,,,,20,36,every 6 six hour,every 6 hours,,,,,,,,,,,1,itching,38,59,as needed for itching
TAKE 25 MG BY MOUTH EVERY 6 (SIX) HOURS AS NEEDED FOR NAUSEA,take 25 mg by mouth every 6 six hours as needed for nausea,take,0,4,take,,,,,,,25,,mg,4,10, 25 mg,by mouth,11,19,by mouth,1,,6,,hour,,,,,,,,20,36,every 6 six hour,every 6 hours,,,,,,,,,,,1,nausea,38,58,as needed for nausea
TAKE 25 MG BY MOUTH ONCE IN IMAGING,take 25 mg by mouth once in imaging,take,0,4,take,,,,,,,25,,mg,4,10, 25 mg,by mouth,11,19,by mouth,,,,,,,,,,,,1,20,35,once in imaging,once,,,,,,,,,,,,,,,
TAKE 296 ML BY MOUTH ONCE FOR 1 DOSE,take 296 ml by mouth once for 1 dose,take,0,4,take,296,,mL,4,11, 296 ml,,,,,,,by mouth,12,20,by mouth,,,,,,,,,,,,1,26,36,for 1 dose,once,,,,,,,,,,,,,,,
TAKE 3 ML (1.25 MG TOTAL) BY NEBULIZATION EVERY 6 (SIX) HOURS AS NEEDED FOR WHEEZING,take 3 ml 1.25 mg total by nebulization every 6 six hours as needed for wheezing,take,0,4,take,3,,mL,4,9, 3 ml,1.25,,mg,9,17, 1.25 mg,via nebulization,27,39,nebulization,1,,6,,hour,,,,,,,,40,56,every 6 six hour,every 6 hours,,,,,,,,,,,1,wheezing,58,80,as needed for wheezing
TAKE 3 ML (2.5 MG TOTAL) BY NEBULIZATION EVERY 4 (FOUR) HOURS AS NEEDED FOR WHEEZING,take 3 ml 2.5 mg total by nebulization every 4 four hours as needed for wheezing,take,0,4,take,3,,mL,4,9, 3 ml,2.5,,mg,9,16, 2.5 mg,via nebulization,26,38,nebulization,1,,4,,hour,,,,,,,,39,56,every 4 four hour,every 4 hours,,,,,,,,,,,1,wheezing,58,80,as needed for wheezing
TAKE 3 ML (2.5 MG TOTAL) BY NEBULIZATION EVERY 4 (FOUR) HOURS AS NEEDED FOR WHEEZING OR SHORTNESS OF BREATH,take 3 ml 2.5 mg total by nebulization every 4 four hours as needed for wheezing or shortness of breath,take,0,4,take,3,,mL,4,9, 3 ml,2.5,,mg,9,16, 2.5 mg,via nebulization,26,38,nebulization,1,,4,,hour,,,,,,,,39,56,every 4 four hour,every 4 hours,,,,,,,,,,,1,"wheezing,shortness of breath",58,103,as needed for wheezing or shortness of breath
TAKE 3 ML (2.5 MG TOTAL) BY NEBULIZATION EVERY 6 (SIX) HOURS AS NEEDED FOR WHEEZING,take 3 ml 2.5 mg total by nebulization every 6 six hours as needed for wheezing,take,0,4,take,3,,mL,4,9, 3 ml,2.5,,mg,9,16, 2.5 mg,via nebulization,26,38,nebulization,1,,6,,hour,,,,,,,,39,55,every 6 six hour,every 6 hours,,,,,,,,,,,1,wheezing,57,79,as needed for wheezing
TAKE 3 ML BY NEBULIZATION EVERY 4 (FOUR) HOURS AS NEEDED FOR WHEEZING,take 3 ml by nebulization every 4 four hours as needed for wheezing,take,0,4,take,3,,mL,4,9, 3 ml,,,,,,,via nebulization,13,25,nebulization,1,,4,,hour,,,,,,,,26,43,every 4 four hour,every 4 hours,,,,,,,,,,,1,wheezing,45,67,as needed for wheezing
TAKE 4 MG BY MOUTH EVERY 6 (SIX) HOURS AS NEEDED,take 4 mg by mouth every 6 six hours as needed,take,0,4,take,,,,,,,4,,mg,4,9, 4 mg,by mouth,10,18,by mouth,1,,6,,hour,,,,,,,,19,35,every 6 six hour,every 6 hours,,,,,,,,,,,1,,37,46,as needed
TAKE 4 MG BY MOUTH EVERY 8 (EIGHT) HOURS AS NEEDED,take 4 mg by mouth every 8 eight hours as needed,take,0,4,take,,,,,,,4,,mg,4,9, 4 mg,by mouth,10,18,by mouth,1,,8,,hour,,,,,,,,19,37,every 8 eight hour,every 8 hours,,,,,,,,,,,1,,39,48,as needed
TAKE 4 ML (320 MG TOTAL) BY MOUTH EVERY 12 (TWELVE) HOURS FOR 10 DAYS,take 4 ml 320 mg total by mouth every 12 twelve hours for 10 days,take,0,4,take,4,,mL,4,9, 4 ml,320,,mg,9,16, 320 mg,by mouth,23,31,by mouth,1,,12,,hour,,,,,,,,32,52,every 12 twelve hour,every 12 hours,,,,,10,,day,54,64,10 day,,,,,
"TAKE 4 TABLETS (2,000 MG TOTAL) BY MOUTH ONCE FOR 1 DOSE",take 4 tablets 2000 mg total by mouth once for 1 dose,take,0,4,take,4,,tablet,4,14, 4 tablets,2000,,mg,14,22, 2000 mg,by mouth,7,14,tablets,,,,,,,,,,,,1,43,53,for 1 dose,once,,,,,,,,,,,,,,,
"TAKE 4,000 ML BY MOUTH ONCE FOR 1 DOSE",take 4000 ml by mouth once for 1 dose,take,0,4,take,4000,,mL,4,12, 4000 ml,,,,,,,by mouth,13,21,by mouth,,,,,,,,,,,,1,27,37,for 1 dose,once,,,,,,,,,,,,,,,
"TAKE 4,000 ML BY MOUTH ONCE FOR 1 DOSE. DRINK 1ST HALF DAY PRIOR ( PREP DAY ) STARTING AT 4 PM OVER 2 HOURS, 2ND HALF 5 HOURS BEFORE LEAVING",take 4000 ml by mouth once for 1 dose drink 1st half day prior prep day starting at 4 pm over 2 hours 2nd half 5 hours before leaving,take,0,4,take,4000,,mL,4,12, 4000 ml,,,,,,,by mouth,13,21,by mouth,,,,,,,,,,,,1,27,37,for 1 dose,once,,,,,,,,,,,,,,,
TAKE 4.6 ML (368 MG TOTAL) BY MOUTH EVERY 12 (TWELVE) HOURS FOR 10 DAYS,take 4.6 ml 368 mg total by mouth every 12 twelve hours for 10 days,take,0,4,take,4.6,,mL,4,11, 4.6 ml,368,,mg,11,18, 368 mg,by mouth,25,33,by mouth,1,,12,,hour,,,,,,,,34,54,every 12 twelve hour,every 12 hours,,,,,10,,day,56,66,10 day,,,,,
TAKE 40 MG BY MOUTH ONCE FOR 1 DOSE,take 40 mg by mouth once for 1 dose,take,0,4,take,,,,,,,40,,mg,4,10, 40 mg,by mouth,11,19,by mouth,,,,,,,,,,,,1,25,35,for 1 dose,once,,,,,,,,,,,,,,,
TAKE 40 MG BY MOUTH ONCE IN IMAGING,take 40 mg by mouth once in imaging,take,0,4,take,,,,,,,40,,mg,4,10, 40 mg,by mouth,11,19,by mouth,,,,,,,,,,,,1,20,35,once in imaging,once,,,,,,,,,,,,,,,
TAKE 400 MG BY MOUTH EVERY 8 (EIGHT) HOURS,take 400 mg by mouth every 8 eight hours,take,0,4,take,,,,,,,400,,mg,4,11, 400 mg,by mouth,12,20,by mouth,1,,8,,hour,,,,,,,,21,39,every 8 eight hour,every 8 hours,,,,,,,,,,,,,,,
TAKE 5 MG BY MOUTH EVERY 6 (SIX) HOURS AS NEEDED,take 5 mg by mouth every 6 six hours as needed,take,0,4,take,,,,,,,5,,mg,4,9, 5 mg,by mouth,10,18,by mouth,1,,6,,hour,,,,,,,,19,35,every 6 six hour,every 6 hours,,,,,,,,,,,1,,37,46,as needed
TAKE 5 MG BY MOUTH ONCE IN IMAGING,take 5 mg by mouth once in imaging,take,0,4,take,,,,,,,5,,mg,4,9, 5 mg,by mouth,10,18,by mouth,,,,,,,,,,,,1,19,34,once in imaging,once,,,,,,,,,,,,,,,
TAKE 5 ML (400 MG TOTAL) BY MOUTH EVERY 12 (TWELVE) HOURS FOR 10 DAYS,take 5 ml 400 mg total by mouth every 12 twelve hours for 10 days,take,0,4,take,5,,mL,4,9, 5 ml,400,,mg,9,16, 400 mg,by mouth,23,31,by mouth,1,,12,,hour,,,,,,,,32,52,every 12 twelve hour,every 12 hours,,,,,10,,day,54,64,10 day,,,,,
TAKE 5 ML BY MOUTH EVERY 12 (TWELVE) HOURS,take 5 ml by mouth every 12 twelve hours,take,0,4,take,5,,mL,4,9, 5 ml,,,,,,,by mouth,10,18,by mouth,1,,12,,hour,,,,,,,,19,39,every 12 twelve hour,every 12 hours,,,,,,,,,,,,,,,
TAKE 5 ML BY MOUTH EVERY 12 (TWELVE) HOURS AS NEEDED FOR COUGH,take 5 ml by mouth every 12 twelve hours as needed for cough,take,0,4,take,5,,mL,4,9, 5 ml,,,,,,,by mouth,10,18,by mouth,1,,12,,hour,,,,,,,,19,39,every 12 twelve hour,every 12 hours,,,,,,,,,,,1,cough,41,60,as needed for cough
TAKE 5 ML BY MOUTH EVERY 12 (TWELVE) HOURS FOR 10 DAYS,take 5 ml by mouth every 12 twelve hours for 10 days,take,0,4,take,5,,mL,4,9, 5 ml,,,,,,,by mouth,10,18,by mouth,1,,12,,hour,,,,,,,,19,39,every 12 twelve hour,every 12 hours,,,,,10,,day,41,51,10 day,,,,,
TAKE 5 ML BY MOUTH EVERY 4 (FOUR) HOURS AS NEEDED FOR COUGH,take 5 ml by mouth every 4 four hours as needed for cough,take,0,4,take,5,,mL,4,9, 5 ml,,,,,,,by mouth,10,18,by mouth,1,,4,,hour,,,,,,,,19,36,every 4 four hour,every 4 hours,,,,,,,,,,,1,cough,38,57,as needed for cough
TAKE 5 ML BY MOUTH EVERY 6 (SIX) HOURS,take 5 ml by mouth every 6 six hours,take,0,4,take,5,,mL,4,9, 5 ml,,,,,,,by mouth,10,18,by mouth,1,,6,,hour,,,,,,,,19,35,every 6 six hour,every 6 hours,,,,,,,,,,,,,,,
TAKE 5 ML BY MOUTH EVERY 6 (SIX) HOURS AS NEEDED FOR COUGH,take 5 ml by mouth every 6 six hours as needed for cough,take,0,4,take,5,,mL,4,9, 5 ml,,,,,,,by mouth,10,18,by mouth,1,,6,,hour,,,,,,,,19,35,every 6 six hour,every 6 hours,,,,,,,,,,,1,cough,37,56,as needed for cough
TAKE 5 ML BY MOUTH EVERY 6 (SIX) HOURS AS NEEDED FOR COUGH FOR UP TO 5 DAYS,take 5 ml by mouth every 6 six hours as needed for cough for up to 5 days,take,0,4,take,5,,mL,4,9, 5 ml,,,,,,,by mouth,10,18,by mouth,1,,6,,hour,,,,,,,,19,35,every 6 six hour,every 6 hours,,,,,,,,,,,1,cough,37,73,as needed for cough for up to 5 days
TAKE 5 ML BY MOUTH EVERY 6 (SIX) HOURS FOR 7 DAYS,take 5 ml by mouth every 6 six hours for 7 days,take,0,4,take,5,,mL,4,9, 5 ml,,,,,,,by mouth,10,18,by mouth,1,,6,,hour,,,,,,,,19,35,every 6 six hour,every 6 hours,,,,,7,,day,37,46,7 day,,,,,
TAKE 5 ML BY MOUTH EVERY 8 (EIGHT) HOURS,take 5 ml by mouth every 8 eight hours,take,0,4,take,5,,mL,4,9, 5 ml,,,,,,,by mouth,10,18,by mouth,1,,8,,hour,,,,,,,,19,37,every 8 eight hour,every 8 hours,,,,,,,,,,,,,,,
TAKE 5.7 ML (456 MG TOTAL) BY MOUTH EVERY 12 (TWELVE) HOURS FOR 10 DAYS,take 5.7 ml 456 mg total by mouth every 12 twelve hours for 10 days,take,0,4,take,5.7,,mL,4,11, 5.7 ml,456,,mg,11,18, 456 mg,by mouth,25,33,by mouth,1,,12,,hour,,,,,,,,34,54,every 12 twelve hour,every 12 hours,,,,,10,,day,56,66,10 day,,,,,
TAKE 5.9 ML (472 MG TOTAL) BY MOUTH EVERY 12 (TWELVE) HOURS FOR 10 DAYS,take 5.9 ml 472 mg total by mouth every 12 twelve hours for 10 days,take,0,4,take,5.9,,mL,4,11, 5.9 ml,472,,mg,11,18, 472 mg,by mouth,25,33,by mouth,1,,12,,hour,,,,,,,,34,54,every 12 twelve hour,every 12 hours,,,,,10,,day,56,66,10 day,,,,,
TAKE 50 MG BY MOUTH EVERY 6 (SIX) HOURS AS NEEDED,take 50 mg by mouth every 6 six hours as needed,take,0,4,take,,,,,,,50,,mg,4,10, 50 mg,by mouth,11,19,by mouth,1,,6,,hour,,,,,,,,20,36,every 6 six hour,every 6 hours,,,,,,,,,,,1,,38,47,as needed
TAKE 500 MG BY MOUTH EVERY 12 (TWELVE) HOURS,take 500 mg by mouth every 12 twelve hours,take,0,4,take,,,,,,,500,,mg,4,11, 500 mg,by mouth,12,20,by mouth,1,,12,,hour,,,,,,,,21,41,every 12 twelve hour,every 12 hours,,,,,,,,,,,,,,,
TAKE 500 MG BY MOUTH EVERY 6 (SIX) HOURS AS NEEDED FOR MILD PAIN,take 500 mg by mouth every 6 six hours as needed for mild pain,take,0,4,take,,,,,,,500,,mg,4,11, 500 mg,by mouth,12,20,by mouth,1,,6,,hour,,,,,,,,21,37,every 6 six hour,every 6 hours,,,,,,,,,,,1,mild pain,39,62,as needed for mild pain
TAKE 6.3 ML (500 MG TOTAL) BY MOUTH EVERY 12 (TWELVE) HOURS FOR 10 DAYS,take 6.3 ml 500 mg total by mouth every 12 twelve hours for 10 days,take,0,4,take,6.3,,mL,4,11, 6.3 ml,500,,mg,11,18, 500 mg,by mouth,25,33,by mouth,1,,12,,hour,,,,,,,,34,54,every 12 twelve hour,every 12 hours,,,,,10,,day,56,66,10 day,,,,,
TAKE 6.3 ML (504 MG TOTAL) BY MOUTH EVERY 12 (TWELVE) HOURS FOR 10 DAYS,take 6.3 ml 504 mg total by mouth every 12 twelve hours for 10 days,take,0,4,take,6.3,,mL,4,11, 6.3 ml,504,,mg,11,18, 504 mg,by mouth,25,33,by mouth,1,,12,,hour,,,,,,,,34,54,every 12 twelve hour,every 12 hours,,,,,10,,day,56,66,10 day,,,,,
TAKE 6.4 ML (512 MG TOTAL) BY MOUTH EVERY 12 (TWELVE) HOURS FOR 10 DAYS,take 6.4 ml 512 mg total by mouth every 12 twelve hours for 10 days,take,0,4,take,6.4,,mL,4,11, 6.4 ml,512,,mg,11,18, 512 mg,by mouth,25,33,by mouth,1,,12,,hour,,,,,,,,34,54,every 12 twelve hour,every 12 hours,,,,,10,,day,56,66,10 day,,,,,
TAKE 6.5 ML (520 MG TOTAL) BY MOUTH EVERY 12 (TWELVE) HOURS FOR 10 DAYS,take 6.5 ml 520 mg total by mouth every 12 twelve hours for 10 days,take,0,4,take,6.5,,mL,4,11, 6.5 ml,520,,mg,11,18, 520 mg,by mouth,25,33,by mouth,1,,12,,hour,,,,,,,,34,54,every 12 twelve hour,every 12 hours,,,,,10,,day,56,66,10 day,,,,,
TAKE 600 MG BY MOUTH EVERY 6 (SIX) HOURS AS NEEDED,take 600 mg by mouth every 6 six hours as needed,take,0,4,take,,,,,,,600,,mg,4,11, 600 mg,by mouth,12,20,by mouth,1,,6,,hour,,,,,,,,21,37,every 6 six hour,every 6 hours,,,,,,,,,,,1,,39,48,as needed
TAKE 650 MG BY MOUTH EVERY 6 (SIX) HOURS AS NEEDED FOR MILD PAIN,take 650 mg by mouth every 6 six hours as needed for mild pain,take,0,4,take,,,,,,,650,,mg,4,11, 650 mg,by mouth,12,20,by mouth,1,,6,,hour,,,,,,,,21,37,every 6 six hour,every 6 hours,,,,,,,,,,,1,mild pain,39,62,as needed for mild pain
TAKE 7 ML (560 MG TOTAL) BY MOUTH EVERY 12 (TWELVE) HOURS FOR 10 DAYS,take 7 ml 560 mg total by mouth every 12 twelve hours for 10 days,take,0,4,take,7,,mL,4,9, 7 ml,560,,mg,9,16, 560 mg,by mouth,23,31,by mouth,1,,12,,hour,,,,,,,,32,52,every 12 twelve hour,every 12 hours,,,,,10,,day,54,64,10 day,,,,,
TAKE 7.2 ML (576 MG TOTAL) BY MOUTH EVERY 12 (TWELVE) HOURS FOR 10 DAYS,take 7.2 ml 576 mg total by mouth every 12 twelve hours for 10 days,take,0,4,take,7.2,,mL,4,11, 7.2 ml,576,,mg,11,18, 576 mg,by mouth,25,33,by mouth,1,,12,,hour,,,,,,,,34,54,every 12 twelve hour,every 12 hours,,,,,10,,day,56,66,10 day,,,,,
TAKE 7.5 ML (600 MG TOTAL) BY MOUTH EVERY 12 (TWELVE) HOURS FOR 10 DAYS,take 7.5 ml 600 mg total by mouth every 12 twelve hours for 10 days,take,0,4,take,7.5,,mL,4,11, 7.5 ml,600,,mg,11,18, 600 mg,by mouth,25,33,by mouth,1,,12,,hour,,,,,,,,34,54,every 12 twelve hour,every 12 hours,,,,,10,,day,56,66,10 day,,,,,
TAKE 8 MG BY MOUTH EVERY 8 (EIGHT) HOURS AS NEEDED,take 8 mg by mouth every 8 eight hours as needed,take,0,4,take,,,,,,,8,,mg,4,9, 8 mg,by mouth,10,18,by mouth,1,,8,,hour,,,,,,,,19,37,every 8 eight hour,every 8 hours,,,,,,,,,,,1,,39,48,as needed
TAKE 8 ML (640 MG TOTAL) BY MOUTH EVERY 12 (TWELVE) HOURS FOR 10 DAYS,take 8 ml 640 mg total by mouth every 12 twelve hours for 10 days,take,0,4,take,8,,mL,4,9, 8 ml,640,,mg,9,16, 640 mg,by mouth,23,31,by mouth,1,,12,,hour,,,,,,,,32,52,every 12 twelve hour,every 12 hours,,,,,10,,day,54,64,10 day,,,,,
TAKE 8.1 ML (648 MG TOTAL) BY MOUTH EVERY 12 (TWELVE) HOURS FOR 10 DAYS,take 8.1 ml 648 mg total by mouth every 12 twelve hours for 10 days,take,0,4,take,8.1,,mL,4,11, 8.1 ml,648,,mg,11,18, 648 mg,by mouth,25,33,by mouth,1,,12,,hour,,,,,,,,34,54,every 12 twelve hour,every 12 hours,,,,,10,,day,56,66,10 day,,,,,
TAKE 8.2 ML (656 MG TOTAL) BY MOUTH EVERY 12 (TWELVE) HOURS FOR 10 DAYS,take 8.2 ml 656 mg total by mouth every 12 twelve hours for 10 days,take,0,4,take,8.2,,mL,4,11, 8.2 ml,656,,mg,11,18, 656 mg,by mouth,25,33,by mouth,1,,12,,hour,,,,,,,,34,54,every 12 twelve hour,every 12 hours,,,,,10,,day,56,66,10 day,,,,,
TAKE 800 MG BY MOUTH EVERY 8 (EIGHT) HOURS AS NEEDED,take 800 mg by mouth every 8 eight hours as needed,take,0,4,take,,,,,,,800,,mg,4,11, 800 mg,by mouth,12,20,by mouth,1,,8,,hour,,,,,,,,21,39,every 8 eight hour,every 8 hours,,,,,,,,,,,1,,41,50,as needed
TAKE 9 ML (720 MG TOTAL) BY MOUTH EVERY 12 (TWELVE) HOURS FOR 10 DAYS,take 9 ml 720 mg total by mouth every 12 twelve hours for 10 days,take,0,4,take,9,,mL,4,9, 9 ml,720,,mg,9,16, 720 mg,by mouth,23,31,by mouth,1,,12,,hour,,,,,,,,32,52,every 12 twelve hour,every 12 hours,,,,,10,,day,54,64,10 day,,,,,
TAKE AS DIRECTED,take as directed,take,0,4,take,,,,,,,,,,,,,,,,,,,,,,,,,,,,,5,16,as directed,as directed,,,,,,,,,,,,,,,
TAKE AS DIRECTED FOR 6 DAYS,take as directed for 6 days,take,0,4,take,,,,,,,,,,,,,,,,,1,,1,,day,,,,,,,,23,26,day,daily,,,,,6,,day,17,26,6 day,,,,,
TAKE AS DIRECTED ON PACKAGE,take as directed on package,take,0,4,take,,,,,,,,,,,,,,,,,,,,,,,,,,,,,5,27,as directed on package,as directed on package,,,,,,,,,,,,,,,
TAKE AS INSTRUCTED,take as instructed,take,0,4,take,,,,,,,,,,,,,,,,,,,,,,,,,,,,,5,18,as instructed,as instructed,,,,,,,,,,,,,,,
TAKE BY MOUTH AS DIRECTED,take by mouth as directed,take,0,4,take,,,,,,,,,,,,,by mouth,5,13,by mouth,,,,,,,,,,,,,14,25,as directed,as directed,,,,,,,,,,,,,,,
TAKE BY MOUTH EVERY 12 (TWELVE) HOURS,take by mouth every 12 twelve hours,take,0,4,take,,,,,,,,,,,,,by mouth,5,13,by mouth,1,,12,,hour,,,,,,,,14,34,every 12 twelve hour,every 12 hours,,,,,,,,,,,,,,,
TAKE BY MOUTH EVERY 6 (SIX) HOURS,take by mouth every 6 six hours,take,0,4,take,,,,,,,,,,,,,by mouth,5,13,by mouth,1,,6,,hour,,,,,,,,14,30,every 6 six hour,every 6 hours,,,,,,,,,,,,,,,
TAKE BY MOUTH EVERY 6 (SIX) HOURS AS NEEDED,take by mouth every 6 six hours as needed,take,0,4,take,,,,,,,,,,,,,by mouth,5,13,by mouth,1,,6,,hour,,,,,,,,14,30,every 6 six hour,every 6 hours,,,,,,,,,,,1,,32,41,as needed
TAKE BY MOUTH EVERY 8 (EIGHT) HOURS,take by mouth every 8 eight hours,take,0,4,take,,,,,,,,,,,,,by mouth,5,13,by mouth,1,,8,,hour,,,,,,,,14,32,every 8 eight hour,every 8 hours,,,,,,,,,,,,,,,
TAKE BY MOUTH EVERY 8 (EIGHT) HOURS AS NEEDED,take by mouth every 8 eight hours as needed,take,0,4,take,,,,,,,,,,,,,by mouth,5,13,by mouth,1,,8,,hour,,,,,,,,14,32,every 8 eight hour,every 8 hours,,,,,,,,,,,1,,34,43,as needed
TAKE BY MOUTH ONCE,take by mouth once,take,0,4,take,,,,,,,,,,,,,by mouth,5,13,by mouth,,,,,,,,,,,,1,14,18,once,once,,,,,,,,,,,,,,,
TAKE ONE TABLET BY MOUTH AS DIRECTED,take one tablet by mouth as directed,take,0,4,take,1,,tablet,4,15, one tablet,,,,,,,by mouth,9,15,tablet,,,,,,,,,,,,,25,36,as directed,as directed,,,,,,,,,,,,,,,
TAKE ORALLY AS DIRECTED,take orally as directed,take,0,4,take,,,,,,,,,,,,,by mouth,5,11,orally,,,,,,,,,,,,,12,23,as directed,as directed,,,,,,,,,,,,,,,
TAPER AS DIRECTED,taper as directed,,,,,,,,,,,,,,,,,,,,,,,,,,,,,,,,,6,17,as directed,as directed,,,,,,,,,,,,,,,
TEST AS DIRECTED,test as directed,,,,,,,,,,,,,,,,,,,,,,,,,,,,,,,,,5,16,as directed,as directed,,,,,,,,,,,,,,,
TK 1 T PO  D,tk 1 t po d,take,0,2,tk,1,,tablet,2,6, 1 t,,,,,,,by mouth,7,9,po,1,,1,,day,,,,,,,,10,11,d,daily,,,,,,,,,,,,,,,
TK 1 T PO  D PRN,tk 1 t po d prn,take,0,2,tk,1,,tablet,2,6, 1 t,,,,,,,by mouth,7,9,po,1,,1,,day,,,,,,,,10,11,d,daily,,,,,,,,,,,1,,12,15,prn
TK 1 T PO  HS,tk 1 t po hs,take,0,2,tk,1,,tablet,2,6, 1 t,,,,,,,by mouth,7,9,po,1,,1,,day,,,,,,,,10,12,hs,daily,at bedtime,10,12,hs,,,,,,,,,,,
TK 1 T PO  ONCE D,tk 1 t po once d,take,0,2,tk,1,,tablet,2,6, 1 t,,,,,,,by mouth,7,9,po,1,,1,,day,,,,,,,,10,16,once d,daily,,,,,,,,,,,,,,,
TK 1 T PO  QAM,tk 1 t po qam,take,0,2,tk,1,,tablet,2,6, 1 t,,,,,,,by mouth,7,9,po,1,,1,,day,,,,,,,,10,13,qam,daily,in the morning,10,13,qam,,,,,,,,,,,
TK 1 T PO D,tk 1 t po d,take,0,2,tk,1,,tablet,2,6, 1 t,,,,,,,by mouth,7,9,po,1,,1,,day,,,,,,,,10,11,d,daily,,,,,,,,,,,,,,,
TK 1 T PO D HS,tk 1 t po d hs,take,0,2,tk,1,,tablet,2,6, 1 t,,,,,,,by mouth,7,9,po,1,,1,,day,,,,,,,,10,11,d,daily,at bedtime,12,14,hs,,,,,,,,,,,
TK 1 T PO D PRN,tk 1 t po d prn,take,0,2,tk,1,,tablet,2,6, 1 t,,,,,,,by mouth,7,9,po,1,,1,,day,,,,,,,,10,11,d,daily,,,,,,,,,,,1,,12,15,prn
TK 1/2 T PO D,tk 1/2 t po d,take,0,2,tk,0.5,,tablet,2,8, 1/2 t,,,,,,,by mouth,9,11,po,1,,1,,day,,,,,,,,12,13,d,daily,,,,,,,,,,,,,,,
TK ONE T PO D,tk one t po d,take,0,2,tk,1,,tablet,2,8, one t,,,,,,,by mouth,9,11,po,1,,1,,day,,,,,,,,12,13,d,daily,,,,,,,,,,,,,,,
TO AFFECTED AREA AS DIRECTED,to affected area as directed,,,,,,,,,,,,,,,,,,,,,,,,,,,,,,,,,17,28,as directed,as directed,,,,,,,,,,,,,,,
USE AS DIRECTED,use as directed,use,0,3,use,,,,,,,,,,,,,,,,,,,,,,,,,,,,,4,15,as directed,as directed,,,,,,,,,,,,,,,
USE AS DIRECTED FOR ALLERGIC REACTION,use as directed for allergic reaction,use,0,3,use,,,,,,,,,,,,,,,,,,,,,,,,,,,,,4,15,as directed,as directed,,,,,,,,,,,,,,,
USE AS DIRECTED WITH INHALER,use as directed with inhaler,use,0,3,use,,,inhaler,21,28,inhaler,,,,,,,via inhalation,21,28,inhaler,,,,,,,,,,,,,4,15,as directed,as directed,,,,,,,,,,,,,,,
USE AS INSTRUCTED,use as instructed,use,0,3,use,,,,,,,,,,,,,,,,,,,,,,,,,,,,,4,17,as instructed,as instructed,,,,,,,,,,,,,,,
USE DAILY AS DIRECTED,use daily as directed,use,0,3,use,,,,,,,,,,,,,,,,,1,,1,,day,,,,,,,,4,9,daily,daily,,,,,,,,,,,,,,,
USE WITH INSULIN,use with insulin,use,0,3,use,,,,,,,,,,,,,,,,,,,,,,,,,,,,,,,,,,,,,,,,,,,,,,,
EVERY 12 (TWELVE) HOURS,every 12 twelve hours,,,,,,,,,,,,,,,,,,,,,1,,12,,hour,,,,,,,,0,20,every 12 twelve hour,every 12 hours,,,,,,,,,,,,,,,
1 TABLET A DAY,1 tablet a day,,,,,1,,tablet,0,8,1 tablet,,,,,,,by mouth,2,8,tablet,1,,1,,day,,,,,,,,9,14,a day,daily,,,,,,,,,,,,,,,
1 TABLET BY MOUTH AS DIRECTED,1 tablet by mouth as directed,,,,,1,,tablet,0,8,1 tablet,,,,,,,by mouth,2,8,tablet,,,,,,,,,,,,,18,29,as directed,as directed,,,,,,,,,,,,,,,
1 TABLET BY MOUTH AS DIRECTED FOR 5 DAYS,1 tablet by mouth as directed for 5 days,,,,,1,,tablet,0,8,1 tablet,,,,,,,by mouth,2,8,tablet,1,,1,,day,,,,,,,,36,39,day,daily,,,,,5,,day,30,39,5 day,,,,,
ONE AS NEEDED,one as needed,,,,,,,,,,,,,,,,,,,,,,,,,,,,,,,,,4,13,as needed,as needed,,,,,,,,,,,1,,4,13,as needed
1 TABLET BY MOUTH AS DIRECTED FOR 10 DAYS,1 tablet by mouth as directed for 10 days,,,,,1,,tablet,0,8,1 tablet,,,,,,,by mouth,2,8,tablet,1,,1,,day,,,,,,,,37,40,day,daily,,,,,10,,day,30,40,10 day,,,,,
EVERY 6 (SIX) HOURS,every 6 six hours,,,,,,,,,,,,,,,,,,,,,1,,6,,hour,,,,,,,,0,16,every 6 six hour,every 6 hours,,,,,,,,,,,,,,,
INHALE 2 PUFFS INTO THE LUNGS EVERY 4 (FOUR) HOURS AS NEEDED FOR WHEEZING,inhale 2 puffs into the lungs every 4 four hours as needed for wheezing,inhale,0,6,inhale,2,,puff,6,13, 2 puff,,,,,,,via inhalation,0,6,inhale,1,,4,,hour,,,,,,,,30,47,every 4 four hour,every 4 hours,,,,,,,,,,,1,wheezing,49,71,as needed for wheezing
EVERY 8 (EIGHT) HOURS,every 8 eight hours,,,,,,,,,,,,,,,,,,,,,1,,8,,hour,,,,,,,,0,18,every 8 eight hour,every 8 hours,,,,,,,,,,,,,,,
DAILY FOR ALLERGIES,daily for allergies,,,,,,,,,,,,,,,,,,,,,1,,1,,day,,,,,,,,0,5,daily,daily,,,,,,,,,,,,,,,
INHALE 1-2 PUFFS PO Q 4 H PRF COUGH/WHEEZE,inhale 1-2 puffs po q 4 h prf cough/wheeze,inhale,0,6,inhale,1,2,puff,6,15, 1-2 puff,,,,,,,via inhalation,0,6,inhale,1,,4,,hour,,,,,,,,20,25,q 4 h,every 4 hours,,,,,,,,,,,,,,,
INT 1 GTT IN EACH EYE HS,int 1 gtt in each eye hs,,,,,1,,drops,3,9, 1 gtt,,,,,,,in both eyes,10,21,in each eye,1,,1,,day,,,,,,,,22,24,hs,daily,at bedtime,22,24,hs,,,,,,,,,,,
TAKE AS DIRECTED FOR 7 DAYS,take as directed for 7 days,take,0,4,take,,,,,,,,,,,,,,,,,1,,1,,day,,,,,,,,23,26,day,daily,,,,,7,,day,17,26,7 day,,,,,
