id,created,sig_text,owner_id,version,method,method_text_start,method_text_end,method_text,dose,dose_max,dose_unit,dose_text_start,dose_text_end,dose_text,strength,strength_max,strength_unit,strength_text_start,strength_text_end,strength_text,route,route_text_start,route_text_end,route_text,frequency,frequency_max,period,period_max,period_unit,time_duration,time_duration_unit,day_of_week,time_of_day,when,offset,bounds,count,frequency_text_start,frequency_text_end,frequency_text,duration,duration_max,duration_unit,duration_text_start,duration_text_end,duration_text,as_needed,indication,indication_text_start,indication_text_end,indication_text,sig_id,frequency_readable,when_text,when_text_end,when_text_start,new_sig_text,new_method,new_method_text_start,new_method_text_end,new_method_text,new_dose,new_dose_max,new_dose_unit,new_dose_text_start,new_dose_text_end,new_dose_text,new_strength,new_strength_max,new_strength_unit,new_strength_text_start,new_strength_text_end,new_strength_text,new_route,new_route_text_start,new_route_text_end,new_route_text,new_frequency,new_frequency_max,new_period,new_period_max,new_period_unit,new_time_duration,new_time_duration_unit,new_day_of_week,new_time_of_day,new_offset,new_bounds,new_count,new_frequency_text_start,new_frequency_text_end,new_frequency_text,new_frequency_readable,new_when,new_when_text_start,new_when_text_end,new_when_text,new_duration,new_duration_max,new_duration_unit,new_duration_text_start,new_duration_text_end,new_duration_text,new_as_needed,new_indication,new_indication_text_start,new_indication_text_end,new_indication_text,different_method,different_dose,different_dose_max,different_dose_unit,different_strength,different_strength_max,different_strength_unit,different_route,different_frequency,different_frequency_max,different_period,different_period_max,different_period_unit,different_time_duration,different_time_duration_unit,different_day_of_week,different_time_of_day,different_when,different_offset,different_bounds,different_count,different_duration,different_duration_max,different_duration_unit,different_as_needed,different_indication
14036,41:44.7,(also known as ambien) 1/2 - 1 tablets by mouth every evening at bedtime,NULL,0,NULL,NULL,NULL,NULL,2-Jan,1,tablet,22,38, 1/2 - 1 tablets,NULL,NULL,NULL,NULL,NULL,NULL,by mouth,39,47,by mouth,1,NULL,1,NULL,day,NULL,NULL,NULL,NULL,in the evening at bedtime,NULL,NULL,NULL,48,72,every evening at bedtime,NULL,NULL,NULL,NULL,NULL,NULL,NULL,NULL,NULL,NULL,NULL,207,daily,every evening at bedtime,72,48,(also known as ambien) 1/2 - 1 tablets by mouth every evening at bedtime,,,,,0.5,,tablet,22,38, 1/2 - 1 tablets,,,,,,,by mouth,39,47,by mouth,1,,1,,day,,,,,,,,48,72,every evening at bedtime,daily,in the evening at bedtime,48,72,every evening at bedtime,,,,,,,,,,,,0,1,1,0,0,0,0,0,0,0,0,0,0,0,0,0,0,0,0,0,0,0,0,0,0,0
4442,10:45.0,0.5 (one half) gram into the vagina as directed twice a week,NULL,0,NULL,NULL,NULL,NULL,NULL,NULL,NULL,NULL,NULL,NULL,0.5,NULL,g,0,19,0.5 (one half) gram,vaginally,20,35,into the vagina,2,NULL,1,NULL,week,NULL,NULL,NULL,NULL,NULL,NULL,NULL,NULL,48,60,twice a week,NULL,NULL,NULL,NULL,NULL,NULL,NULL,NULL,NULL,NULL,NULL,4442,2 times per week,NULL,NULL,NULL,0.5 (one half) gram into the vagina as directed twice a week,,,,,,,,,,,0.5,,g,0,19,0.5 (one half) gram,vaginally,20,35,into the vagina,,,1,,week,,,,,,,,48,60,twice a week,,,,,,,,,,,,,,,,,0,0,0,0,0,0,0,0,1,0,0,0,0,0,0,0,0,0,0,0,0,0,0,0,0,0
4443,10:45.0,0.5 (one half) gram into the vagina twice a week,NULL,0,NULL,NULL,NULL,NULL,NULL,NULL,NULL,NULL,NULL,NULL,0.5,NULL,g,0,19,0.5 (one half) gram,vaginally,20,35,into the vagina,2,NULL,1,NULL,week,NULL,NULL,NULL,NULL,NULL,NULL,NULL,NULL,36,48,twice a week,NULL,NULL,NULL,NULL,NULL,NULL,NULL,NULL,NULL,NULL,NULL,4443,2 times per week,NULL,NULL,NULL,0.5 (one half) gram into the vagina twice a week,,,,,,,,,,,0.5,,g,0,19,0.5 (one half) gram,vaginally,20,35,into the vagina,,,1,,week,,,,,,,,36,48,twice a week,,,,,,,,,,,,,,,,,0,0,0,0,0,0,0,0,1,0,0,0,0,0,0,0,0,0,0,0,0,0,0,0,0,0
4444,10:45.0,0.5 (one half) tablet by mouth daily,NULL,0,NULL,NULL,NULL,NULL,0.5,NULL,tablet,0,21,0.5 (one half) tablet,NULL,NULL,NULL,NULL,NULL,NULL,by mouth,22,30,by mouth,1,NULL,1,NULL,day,NULL,NULL,NULL,NULL,NULL,NULL,NULL,NULL,31,36,daily,NULL,NULL,NULL,NULL,NULL,NULL,NULL,NULL,NULL,NULL,NULL,4444,daily,NULL,NULL,NULL,0.5 (one half) tablet by mouth daily,,,,,0.5,,tablet,0,21,0.5 (one half) tablet,,,,,,,by mouth,22,30,by mouth,1,,1,,day,,,,,,,,31,36,daily,daily,,,,,,,,,,,,,,,,0,0,0,0,0,0,0,0,0,0,0,0,0,0,0,0,0,0,0,0,0,0,0,0,0,0
4445,10:45.1,0.5 (one half) tablet by mouth daily as needed,NULL,0,NULL,NULL,NULL,NULL,0.5,NULL,tablet,0,21,0.5 (one half) tablet,NULL,NULL,NULL,NULL,NULL,NULL,by mouth,22,30,by mouth,1,NULL,1,NULL,day,NULL,NULL,NULL,NULL,NULL,NULL,NULL,NULL,31,36,daily,NULL,NULL,NULL,NULL,NULL,NULL,1,NULL,37,46,as needed,4445,daily,NULL,NULL,NULL,0.5 (one half) tablet by mouth daily as needed,,,,,0.5,,tablet,0,21,0.5 (one half) tablet,,,,,,,by mouth,22,30,by mouth,1,,1,,day,,,,,,,,31,36,daily,daily,,,,,,,,,,,1,,37,46,as needed,0,0,0,0,0,0,0,0,0,0,0,0,0,0,0,0,0,0,0,0,0,0,0,0,0,0
4446,10:45.1,0.5 (one half) tablet by mouth daily as needed for anxiety,NULL,0,NULL,NULL,NULL,NULL,0.5,NULL,tablet,0,21,0.5 (one half) tablet,NULL,NULL,NULL,NULL,NULL,NULL,by mouth,22,30,by mouth,1,NULL,1,NULL,day,NULL,NULL,NULL,NULL,NULL,NULL,NULL,NULL,31,36,daily,NULL,NULL,NULL,NULL,NULL,NULL,1,anxiety,37,58,as needed for anxiety,4446,daily,NULL,NULL,NULL,0.5 (one half) tablet by mouth daily as needed for anxiety,,,,,0.5,,tablet,0,21,0.5 (one half) tablet,,,,,,,by mouth,22,30,by mouth,1,,1,,day,,,,,,,,31,36,daily,daily,,,,,,,,,,,1,anxiety,37,58,as needed for anxiety,0,0,0,0,0,0,0,0,0,0,0,0,0,0,0,0,0,0,0,0,0,0,0,0,0,0
4447,10:45.1,0.5 (one half) tablet by mouth every 12 hours,NULL,0,NULL,NULL,NULL,NULL,0.5,NULL,tablet,0,21,0.5 (one half) tablet,NULL,NULL,NULL,NULL,NULL,NULL,by mouth,22,30,by mouth,1,NULL,12,NULL,hour,NULL,NULL,NULL,NULL,NULL,NULL,NULL,NULL,31,44,every 12 hour,NULL,NULL,NULL,NULL,NULL,NULL,NULL,NULL,NULL,NULL,NULL,4447,every 12 hours,NULL,NULL,NULL,0.5 (one half) tablet by mouth every 12 hours,,,,,0.5,,tablet,0,21,0.5 (one half) tablet,,,,,,,by mouth,22,30,by mouth,1,,,,hour,,,,,,,,31,44,every 12 hour,every hour,,,,,,,,,,,,,,,,0,0,0,0,0,0,0,0,0,0,1,0,0,0,0,0,0,0,0,0,0,0,0,0,0,0
4448,10:45.1,0.5 (one half) tablet by mouth every 6 hours as needed for nausea,NULL,0,NULL,NULL,NULL,NULL,0.5,NULL,tablet,0,21,0.5 (one half) tablet,NULL,NULL,NULL,NULL,NULL,NULL,by mouth,22,30,by mouth,1,NULL,6,NULL,hour,NULL,NULL,NULL,NULL,NULL,NULL,NULL,NULL,31,43,every 6 hour,NULL,NULL,NULL,NULL,NULL,NULL,1,nausea,45,65,as needed for nausea,4448,every 6 hours,NULL,NULL,NULL,0.5 (one half) tablet by mouth every 6 hours as needed for nausea,,,,,0.5,,tablet,0,21,0.5 (one half) tablet,,,,,,,by mouth,22,30,by mouth,1,,,,hour,,,,,,,,31,43,every 6 hour,every hour,,,,,,,,,,,1,nausea,45,65,as needed for nausea,0,0,0,0,0,0,0,0,0,0,1,0,0,0,0,0,0,0,0,0,0,0,0,0,0,0
4449,10:45.2,0.5 (one half) tablet by mouth every 6 hours as needed for pain,NULL,0,NULL,NULL,NULL,NULL,0.5,NULL,tablet,0,21,0.5 (one half) tablet,NULL,NULL,NULL,NULL,NULL,NULL,by mouth,22,30,by mouth,1,NULL,6,NULL,hour,NULL,NULL,NULL,NULL,NULL,NULL,NULL,NULL,31,43,every 6 hour,NULL,NULL,NULL,NULL,NULL,NULL,1,pain,45,63,as needed for pain,4449,every 6 hours,NULL,NULL,NULL,0.5 (one half) tablet by mouth every 6 hours as needed for pain,,,,,0.5,,tablet,0,21,0.5 (one half) tablet,,,,,,,by mouth,22,30,by mouth,1,,,,hour,,,,,,,,31,43,every 6 hour,every hour,,,,,,,,,,,1,pain,45,63,as needed for pain,0,0,0,0,0,0,0,0,0,0,1,0,0,0,0,0,0,0,0,0,0,0,0,0,0,0
4450,10:45.2,0.5 (one half) tablet by mouth every evening,NULL,0,NULL,NULL,NULL,NULL,0.5,NULL,tablet,0,21,0.5 (one half) tablet,NULL,NULL,NULL,NULL,NULL,NULL,by mouth,22,30,by mouth,1,NULL,1,NULL,day,NULL,NULL,NULL,NULL,in the evening,NULL,NULL,NULL,31,44,every evening,NULL,NULL,NULL,NULL,NULL,NULL,NULL,NULL,NULL,NULL,NULL,4450,daily,every evening,44,31,0.5 (one half) tablet by mouth every evening,,,,,0.5,,tablet,0,21,0.5 (one half) tablet,,,,,,,by mouth,22,30,by mouth,1,,1,,day,,,,,,,,31,44,every evening,daily,in the evening,31,44,every evening,,,,,,,,,,,,0,0,0,0,0,0,0,0,0,0,0,0,0,0,0,0,0,0,0,0,0,0,0,0,0,0
4451,10:45.2,0.5 (one half) tablet by mouth every evening at bedtime,NULL,0,NULL,NULL,NULL,NULL,0.5,NULL,tablet,0,21,0.5 (one half) tablet,NULL,NULL,NULL,NULL,NULL,NULL,by mouth,22,30,by mouth,1,NULL,1,NULL,day,NULL,NULL,NULL,NULL,in the evening at bedtime,NULL,NULL,NULL,31,55,every evening at bedtime,NULL,NULL,NULL,NULL,NULL,NULL,NULL,NULL,NULL,NULL,NULL,4451,daily,every evening at bedtime,55,31,0.5 (one half) tablet by mouth every evening at bedtime,,,,,0.5,,tablet,0,21,0.5 (one half) tablet,,,,,,,by mouth,22,30,by mouth,1,,1,,day,,,,,,,,31,55,every evening at bedtime,daily,in the evening at bedtime,31,55,every evening at bedtime,,,,,,,,,,,,0,0,0,0,0,0,0,0,0,0,0,0,0,0,0,0,0,0,0,0,0,0,0,0,0,0
4452,10:45.2,0.5 (one half) tablet by mouth every evening at bedtime as needed for insomnia,NULL,0,NULL,NULL,NULL,NULL,0.5,NULL,tablet,0,21,0.5 (one half) tablet,NULL,NULL,NULL,NULL,NULL,NULL,by mouth,22,30,by mouth,1,NULL,1,NULL,day,NULL,NULL,NULL,NULL,in the evening at bedtime,NULL,NULL,NULL,31,55,every evening at bedtime,NULL,NULL,NULL,NULL,NULL,NULL,1,insomnia,56,78,as needed for insomnia,4452,daily,every evening at bedtime,55,31,0.5 (one half) tablet by mouth every evening at bedtime as needed for insomnia,,,,,0.5,,tablet,0,21,0.5 (one half) tablet,,,,,,,by mouth,22,30,by mouth,1,,1,,day,,,,,,,,31,55,every evening at bedtime,daily,in the evening at bedtime,31,55,every evening at bedtime,,,,,,,1,insomnia,56,78,as needed for insomnia,0,0,0,0,0,0,0,0,0,0,0,0,0,0,0,0,0,0,0,0,0,0,0,0,0,0
4453,10:45.2,0.5 (one half) tablet by mouth every morning,NULL,0,NULL,NULL,NULL,NULL,0.5,NULL,tablet,0,21,0.5 (one half) tablet,NULL,NULL,NULL,NULL,NULL,NULL,by mouth,22,30,by mouth,1,NULL,1,NULL,day,NULL,NULL,NULL,NULL,in the morning,NULL,NULL,NULL,31,44,every morning,NULL,NULL,NULL,NULL,NULL,NULL,NULL,NULL,NULL,NULL,NULL,4453,daily,every morning,44,31,0.5 (one half) tablet by mouth every morning,,,,,0.5,,tablet,0,21,0.5 (one half) tablet,,,,,,,by mouth,22,30,by mouth,1,,1,,day,,,,,,,,31,44,every morning,daily,in the morning,31,44,every morning,,,,,,,,,,,,0,0,0,0,0,0,0,0,0,0,0,0,0,0,0,0,0,0,0,0,0,0,0,0,0,0
4454,10:45.3,0.5 (one half) tablet by mouth every other day,NULL,0,NULL,NULL,NULL,NULL,0.5,NULL,tablet,0,21,0.5 (one half) tablet,NULL,NULL,NULL,NULL,NULL,NULL,by mouth,22,30,by mouth,1,NULL,2,NULL,day,NULL,NULL,NULL,NULL,NULL,NULL,NULL,NULL,31,46,every other day,NULL,NULL,NULL,NULL,NULL,NULL,NULL,NULL,NULL,NULL,NULL,4454,every 2 days,NULL,NULL,NULL,0.5 (one half) tablet by mouth every other day,,,,,0.5,,tablet,0,21,0.5 (one half) tablet,,,,,,,by mouth,22,30,by mouth,1,,2,,day,,,,,,,,31,46,every other day,every 2 days,,,,,,,,,,,,,,,,0,0,0,0,0,0,0,0,0,0,0,0,0,0,0,0,0,0,0,0,0,0,0,0,0,0
4455,10:45.3,0.5 (one half) tablet by mouth three times a day,NULL,0,NULL,NULL,NULL,NULL,0.5,NULL,tablet,0,21,0.5 (one half) tablet,NULL,NULL,NULL,NULL,NULL,NULL,by mouth,22,30,by mouth,3,NULL,1,NULL,day,NULL,NULL,NULL,NULL,NULL,NULL,NULL,NULL,31,48,three times a day,NULL,NULL,NULL,NULL,NULL,NULL,NULL,NULL,NULL,NULL,NULL,4455,3 times per day,NULL,NULL,NULL,0.5 (one half) tablet by mouth three times a day,,,,,0.5,,tablet,0,21,0.5 (one half) tablet,,,,,,,by mouth,22,30,by mouth,3,,1,,day,,,,,,,,31,48,three times a day,3 times per day,,,,,,,,,,,,,,,,0,0,0,0,0,0,0,0,0,0,0,0,0,0,0,0,0,0,0,0,0,0,0,0,0,0
4456,10:45.3,0.5 (one half) tablet by mouth twice a day,NULL,0,NULL,NULL,NULL,NULL,0.5,NULL,tablet,0,21,0.5 (one half) tablet,NULL,NULL,NULL,NULL,NULL,NULL,by mouth,22,30,by mouth,2,NULL,1,NULL,day,NULL,NULL,NULL,NULL,NULL,NULL,NULL,NULL,31,42,twice a day,NULL,NULL,NULL,NULL,NULL,NULL,NULL,NULL,NULL,NULL,NULL,4456,twice daily,NULL,NULL,NULL,0.5 (one half) tablet by mouth twice a day,,,,,0.5,,tablet,0,21,0.5 (one half) tablet,,,,,,,by mouth,22,30,by mouth,,,1,,day,,,,,,,,31,42,twice a day,,,,,,,,,,,,,,,,,0,0,0,0,0,0,0,0,1,0,0,0,0,0,0,0,0,0,0,0,0,0,0,0,0,0
4457,10:45.3,0.5 (one half) tablet by mouth twice a day as needed for anxiety,NULL,0,NULL,NULL,NULL,NULL,0.5,NULL,tablet,0,21,0.5 (one half) tablet,NULL,NULL,NULL,NULL,NULL,NULL,by mouth,22,30,by mouth,2,NULL,1,NULL,day,NULL,NULL,NULL,NULL,NULL,NULL,NULL,NULL,31,42,twice a day,NULL,NULL,NULL,NULL,NULL,NULL,1,anxiety,43,64,as needed for anxiety,4457,twice daily,NULL,NULL,NULL,0.5 (one half) tablet by mouth twice a day as needed for anxiety,,,,,0.5,,tablet,0,21,0.5 (one half) tablet,,,,,,,by mouth,22,30,by mouth,,,1,,day,,,,,,,,31,42,twice a day,,,,,,,,,,,,1,anxiety,43,64,as needed for anxiety,0,0,0,0,0,0,0,0,1,0,0,0,0,0,0,0,0,0,0,0,0,0,0,0,0,0
15024,44:56.1,1.5 (one and one half) tablets by mouth daily,NULL,0,NULL,NULL,NULL,NULL,1.5,NULL,tablet,0,30,1.5 (one and one half) tablets,NULL,NULL,NULL,NULL,NULL,NULL,by mouth,31,39,by mouth,1,NULL,1,NULL,day,NULL,NULL,NULL,NULL,NULL,NULL,NULL,NULL,40,45,daily,NULL,NULL,NULL,NULL,NULL,NULL,NULL,NULL,NULL,NULL,NULL,7291,daily,NULL,NULL,NULL,1.5 (one and one half) tablets by mouth daily,,,,,1.5,,tablet,0,30,1.5 (one and one half) tablets,,,,,,,by mouth,31,39,by mouth,1,,1,,day,,,,,,,,40,45,daily,daily,,,,,,,,,,,,,,,,0,0,0,0,0,0,0,0,0,0,0,0,0,0,0,0,0,0,0,0,0,0,0,0,0,0
15025,44:56.2,1.5 (one and one half) tablets by mouth every 12 hours,NULL,0,NULL,NULL,NULL,NULL,1.5,NULL,tablet,0,30,1.5 (one and one half) tablets,NULL,NULL,NULL,NULL,NULL,NULL,by mouth,31,39,by mouth,1,NULL,12,NULL,hour,NULL,NULL,NULL,NULL,NULL,NULL,NULL,NULL,40,53,every 12 hour,NULL,NULL,NULL,NULL,NULL,NULL,NULL,NULL,NULL,NULL,NULL,7292,every 12 hours,NULL,NULL,NULL,1.5 (one and one half) tablets by mouth every 12 hours,,,,,1.5,,tablet,0,30,1.5 (one and one half) tablets,,,,,,,by mouth,31,39,by mouth,1,,,,hour,,,,,,,,40,53,every 12 hour,every hour,,,,,,,,,,,,,,,,0,0,0,0,0,0,0,0,0,0,1,0,0,0,0,0,0,0,0,0,0,0,0,0,0,0
15026,44:56.2,1.5 (one and one half) tablets by mouth every evening at bedtime,NULL,0,NULL,NULL,NULL,NULL,1.5,NULL,tablet,0,30,1.5 (one and one half) tablets,NULL,NULL,NULL,NULL,NULL,NULL,by mouth,31,39,by mouth,1,NULL,1,NULL,day,NULL,NULL,NULL,NULL,in the evening at bedtime,NULL,NULL,NULL,40,64,every evening at bedtime,NULL,NULL,NULL,NULL,NULL,NULL,NULL,NULL,NULL,NULL,NULL,7293,daily,every evening at bedtime,64,40,1.5 (one and one half) tablets by mouth every evening at bedtime,,,,,1.5,,tablet,0,30,1.5 (one and one half) tablets,,,,,,,by mouth,31,39,by mouth,1,,1,,day,,,,,,,,40,64,every evening at bedtime,daily,in the evening at bedtime,40,64,every evening at bedtime,,,,,,,,,,,,0,0,0,0,0,0,0,0,0,0,0,0,0,0,0,0,0,0,0,0,0,0,0,0,0,0
15027,44:56.2,1.5 (one and one half) tablets by mouth every morning,NULL,0,NULL,NULL,NULL,NULL,1.5,NULL,tablet,0,30,1.5 (one and one half) tablets,NULL,NULL,NULL,NULL,NULL,NULL,by mouth,31,39,by mouth,1,NULL,1,NULL,day,NULL,NULL,NULL,NULL,in the morning,NULL,NULL,NULL,40,53,every morning,NULL,NULL,NULL,NULL,NULL,NULL,NULL,NULL,NULL,NULL,NULL,7294,daily,every morning,53,40,1.5 (one and one half) tablets by mouth every morning,,,,,1.5,,tablet,0,30,1.5 (one and one half) tablets,,,,,,,by mouth,31,39,by mouth,1,,1,,day,,,,,,,,40,53,every morning,daily,in the morning,40,53,every morning,,,,,,,,,,,,0,0,0,0,0,0,0,0,0,0,0,0,0,0,0,0,0,0,0,0,0,0,0,0,0,0
15028,44:56.2,1.5 (one and one half) tablets by mouth four times a day,NULL,0,NULL,NULL,NULL,NULL,1.5,NULL,tablet,0,30,1.5 (one and one half) tablets,NULL,NULL,NULL,NULL,NULL,NULL,by mouth,31,39,by mouth,4,NULL,1,NULL,day,NULL,NULL,NULL,NULL,NULL,NULL,NULL,NULL,40,56,four times a day,NULL,NULL,NULL,NULL,NULL,NULL,NULL,NULL,NULL,NULL,NULL,7295,4 times per day,NULL,NULL,NULL,1.5 (one and one half) tablets by mouth four times a day,,,,,1.5,,tablet,0,30,1.5 (one and one half) tablets,,,,,,,by mouth,31,39,by mouth,4,,1,,day,,,,,,,,40,56,four times a day,4 times per day,,,,,,,,,,,,,,,,0,0,0,0,0,0,0,0,0,0,0,0,0,0,0,0,0,0,0,0,0,0,0,0,0,0
15029,44:56.3,1.5 (one and one half) tablets by mouth three times a day,NULL,0,NULL,NULL,NULL,NULL,1.5,NULL,tablet,0,30,1.5 (one and one half) tablets,NULL,NULL,NULL,NULL,NULL,NULL,by mouth,31,39,by mouth,3,NULL,1,NULL,day,NULL,NULL,NULL,NULL,NULL,NULL,NULL,NULL,40,57,three times a day,NULL,NULL,NULL,NULL,NULL,NULL,NULL,NULL,NULL,NULL,NULL,7296,3 times per day,NULL,NULL,NULL,1.5 (one and one half) tablets by mouth three times a day,,,,,1.5,,tablet,0,30,1.5 (one and one half) tablets,,,,,,,by mouth,31,39,by mouth,3,,1,,day,,,,,,,,40,57,three times a day,3 times per day,,,,,,,,,,,,,,,,0,0,0,0,0,0,0,0,0,0,0,0,0,0,0,0,0,0,0,0,0,0,0,0,0,0
15030,44:56.3,1.5 (one and one half) tablets by mouth twice a day,NULL,0,NULL,NULL,NULL,NULL,1.5,NULL,tablet,0,30,1.5 (one and one half) tablets,NULL,NULL,NULL,NULL,NULL,NULL,by mouth,31,39,by mouth,2,NULL,1,NULL,day,NULL,NULL,NULL,NULL,NULL,NULL,NULL,NULL,40,51,twice a day,NULL,NULL,NULL,NULL,NULL,NULL,NULL,NULL,NULL,NULL,NULL,7297,twice daily,NULL,NULL,NULL,1.5 (one and one half) tablets by mouth twice a day,,,,,1.5,,tablet,0,30,1.5 (one and one half) tablets,,,,,,,by mouth,31,39,by mouth,,,1,,day,,,,,,,,40,51,twice a day,,,,,,,,,,,,,,,,,0,0,0,0,0,0,0,0,1,0,0,0,0,0,0,0,0,0,0,0,0,0,0,0,0,0
7315,11:48.9,1/2 tab by mouth daily,NULL,0,NULL,NULL,NULL,NULL,2-Jan,NULL,tablet,0,7,1/2 tab,NULL,NULL,NULL,NULL,NULL,NULL,by mouth,8,16,by mouth,1,NULL,1,NULL,day,NULL,NULL,NULL,NULL,NULL,NULL,NULL,NULL,17,22,daily,NULL,NULL,NULL,NULL,NULL,NULL,NULL,NULL,NULL,NULL,NULL,7315,daily,NULL,NULL,NULL,1/2 tab by mouth daily,,,,,0.5,,tablet,0,7,1/2 tab,,,,,,,by mouth,8,16,by mouth,1,,1,,day,,,,,,,,17,22,daily,daily,,,,,,,,,,,,,,,,0,1,0,0,0,0,0,0,0,0,0,0,0,0,0,0,0,0,0,0,0,0,0,0,0,0
7316,11:48.9,1/2 tab daily,NULL,0,NULL,NULL,NULL,NULL,2-Jan,NULL,tablet,0,7,1/2 tab,NULL,NULL,NULL,NULL,NULL,NULL,NULL,NULL,NULL,NULL,1,NULL,1,NULL,day,NULL,NULL,NULL,NULL,NULL,NULL,NULL,NULL,8,13,daily,NULL,NULL,NULL,NULL,NULL,NULL,NULL,NULL,NULL,NULL,NULL,7316,daily,NULL,NULL,NULL,1/2 tab daily,,,,,0.5,,tablet,0,7,1/2 tab,,,,,,,,,,,1,,1,,day,,,,,,,,8,13,daily,daily,,,,,,,,,,,,,,,,0,1,0,0,0,0,0,0,0,0,0,0,0,0,0,0,0,0,0,0,0,0,0,0,0,0
7317,11:49.0,1/2 tablet at bedtime,NULL,0,NULL,NULL,NULL,NULL,2-Jan,NULL,tablet,0,10,1/2 tablet,NULL,NULL,NULL,NULL,NULL,NULL,NULL,NULL,NULL,NULL,1,NULL,1,NULL,day,NULL,NULL,NULL,NULL,at bedtime,NULL,NULL,NULL,11,21,at bedtime,NULL,NULL,NULL,NULL,NULL,NULL,NULL,NULL,NULL,NULL,NULL,7317,daily,at bedtime,21,11,1/2 tablet at bedtime,,,,,0.5,,tablet,0,10,1/2 tablet,,,,,,,,,,,1,,1,,day,,,,,,,,11,21,at bedtime,daily,at bedtime,11,21,at bedtime,,,,,,,,,,,,0,1,0,0,0,0,0,0,0,0,0,0,0,0,0,0,0,0,0,0,0,0,0,0,0,0
7318,11:49.0,1/2 tablet by mouth daily,NULL,0,NULL,NULL,NULL,NULL,2-Jan,NULL,tablet,0,10,1/2 tablet,NULL,NULL,NULL,NULL,NULL,NULL,by mouth,11,19,by mouth,1,NULL,1,NULL,day,NULL,NULL,NULL,NULL,NULL,NULL,NULL,NULL,20,25,daily,NULL,NULL,NULL,NULL,NULL,NULL,NULL,NULL,NULL,NULL,NULL,7318,daily,NULL,NULL,NULL,1/2 tablet by mouth daily,,,,,0.5,,tablet,0,10,1/2 tablet,,,,,,,by mouth,11,19,by mouth,1,,1,,day,,,,,,,,20,25,daily,daily,,,,,,,,,,,,,,,,0,1,0,0,0,0,0,0,0,0,0,0,0,0,0,0,0,0,0,0,0,0,0,0,0,0
7319,11:49.0,1/2 tablet by mouth twice a day,NULL,0,NULL,NULL,NULL,NULL,2-Jan,NULL,tablet,0,10,1/2 tablet,NULL,NULL,NULL,NULL,NULL,NULL,by mouth,11,19,by mouth,2,NULL,1,NULL,day,NULL,NULL,NULL,NULL,NULL,NULL,NULL,NULL,20,31,twice a day,NULL,NULL,NULL,NULL,NULL,NULL,NULL,NULL,NULL,NULL,NULL,7319,twice daily,NULL,NULL,NULL,1/2 tablet by mouth twice a day,,,,,0.5,,tablet,0,10,1/2 tablet,,,,,,,by mouth,11,19,by mouth,,,1,,day,,,,,,,,20,31,twice a day,,,,,,,,,,,,,,,,,0,1,0,0,0,0,0,0,1,0,0,0,0,0,0,0,0,0,0,0,0,0,0,0,0,0
7320,11:49.0,1/2 tablet daily,NULL,0,NULL,NULL,NULL,NULL,2-Jan,NULL,tablet,0,10,1/2 tablet,NULL,NULL,NULL,NULL,NULL,NULL,NULL,NULL,NULL,NULL,1,NULL,1,NULL,day,NULL,NULL,NULL,NULL,NULL,NULL,NULL,NULL,11,16,daily,NULL,NULL,NULL,NULL,NULL,NULL,NULL,NULL,NULL,NULL,NULL,7320,daily,NULL,NULL,NULL,1/2 tablet daily,,,,,0.5,,tablet,0,10,1/2 tablet,,,,,,,,,,,1,,1,,day,,,,,,,,11,16,daily,daily,,,,,,,,,,,,,,,,0,1,0,0,0,0,0,0,0,0,0,0,0,0,0,0,0,0,0,0,0,0,0,0,0,0
7321,11:49.1,1/2 tablet twice daily,NULL,0,NULL,NULL,NULL,NULL,2-Jan,NULL,tablet,0,10,1/2 tablet,NULL,NULL,NULL,NULL,NULL,NULL,NULL,NULL,NULL,NULL,2,NULL,1,NULL,day,NULL,NULL,NULL,NULL,NULL,NULL,NULL,NULL,11,22,twice daily,NULL,NULL,NULL,NULL,NULL,NULL,NULL,NULL,NULL,NULL,NULL,7321,twice daily,NULL,NULL,NULL,1/2 tablet twice daily,,,,,0.5,,tablet,0,10,1/2 tablet,,,,,,,,,,,,,1,,day,,,,,,,,11,22,twice daily,,,,,,,,,,,,,,,,,0,1,0,0,0,0,0,0,1,0,0,0,0,0,0,0,0,0,0,0,0,0,0,0,0,0
15557,45:45.2,2.5 (two and one half) milliliters by mouth daily,NULL,0,NULL,NULL,NULL,NULL,2.5,NULL,mL,0,33,2.5 (two and one half) milliliter,NULL,NULL,NULL,NULL,NULL,NULL,by mouth,35,43,by mouth,1,NULL,1,NULL,day,NULL,NULL,NULL,NULL,NULL,NULL,NULL,NULL,44,49,daily,NULL,NULL,NULL,NULL,NULL,NULL,NULL,NULL,NULL,NULL,NULL,9211,daily,NULL,NULL,NULL,2.5 (two and one half) milliliters by mouth daily,,,,,2.5,,mL,0,33,2.5 (two and one half) milliliter,,,,,,,by mouth,35,43,by mouth,1,,1,,day,,,,,,,,44,49,daily,daily,,,,,,,,,,,,,,,,0,0,0,0,0,0,0,0,0,0,0,0,0,0,0,0,0,0,0,0,0,0,0,0,0,0
15558,45:45.3,2.5 (two and one half) milliliters by mouth twice a day,NULL,0,NULL,NULL,NULL,NULL,2.5,NULL,mL,0,33,2.5 (two and one half) milliliter,NULL,NULL,NULL,NULL,NULL,NULL,by mouth,35,43,by mouth,2,NULL,1,NULL,day,NULL,NULL,NULL,NULL,NULL,NULL,NULL,NULL,44,55,twice a day,NULL,NULL,NULL,NULL,NULL,NULL,NULL,NULL,NULL,NULL,NULL,9212,twice daily,NULL,NULL,NULL,2.5 (two and one half) milliliters by mouth twice a day,,,,,2.5,,mL,0,33,2.5 (two and one half) milliliter,,,,,,,by mouth,35,43,by mouth,,,1,,day,,,,,,,,44,55,twice a day,,,,,,,,,,,,,,,,,0,0,0,0,0,0,0,0,1,0,0,0,0,0,0,0,0,0,0,0,0,0,0,0,0,0
15559,45:45.3,2.5 (two and one half) tablets by mouth daily,NULL,0,NULL,NULL,NULL,NULL,2.5,NULL,tablet,0,30,2.5 (two and one half) tablets,NULL,NULL,NULL,NULL,NULL,NULL,by mouth,31,39,by mouth,1,NULL,1,NULL,day,NULL,NULL,NULL,NULL,NULL,NULL,NULL,NULL,40,45,daily,NULL,NULL,NULL,NULL,NULL,NULL,NULL,NULL,NULL,NULL,NULL,9213,daily,NULL,NULL,NULL,2.5 (two and one half) tablets by mouth daily,,,,,2.5,,tablet,0,30,2.5 (two and one half) tablets,,,,,,,by mouth,31,39,by mouth,1,,1,,day,,,,,,,,40,45,daily,daily,,,,,,,,,,,,,,,,0,0,0,0,0,0,0,0,0,0,0,0,0,0,0,0,0,0,0,0,0,0,0,0,0,0
15560,45:45.3,2.5 (two and one half) tablets by mouth every evening at bedtime,NULL,0,NULL,NULL,NULL,NULL,2.5,NULL,tablet,0,30,2.5 (two and one half) tablets,NULL,NULL,NULL,NULL,NULL,NULL,by mouth,31,39,by mouth,1,NULL,1,NULL,day,NULL,NULL,NULL,NULL,in the evening at bedtime,NULL,NULL,NULL,40,64,every evening at bedtime,NULL,NULL,NULL,NULL,NULL,NULL,NULL,NULL,NULL,NULL,NULL,9214,daily,every evening at bedtime,64,40,2.5 (two and one half) tablets by mouth every evening at bedtime,,,,,2.5,,tablet,0,30,2.5 (two and one half) tablets,,,,,,,by mouth,31,39,by mouth,1,,1,,day,,,,,,,,40,64,every evening at bedtime,daily,in the evening at bedtime,40,64,every evening at bedtime,,,,,,,,,,,,0,0,0,0,0,0,0,0,0,0,0,0,0,0,0,0,0,0,0,0,0,0,0,0,0,0
15561,45:45.3,2.5 (two and one half) tablets by mouth twice a day,NULL,0,NULL,NULL,NULL,NULL,2.5,NULL,tablet,0,30,2.5 (two and one half) tablets,NULL,NULL,NULL,NULL,NULL,NULL,by mouth,31,39,by mouth,2,NULL,1,NULL,day,NULL,NULL,NULL,NULL,NULL,NULL,NULL,NULL,40,51,twice a day,NULL,NULL,NULL,NULL,NULL,NULL,NULL,NULL,NULL,NULL,NULL,9215,twice daily,NULL,NULL,NULL,2.5 (two and one half) tablets by mouth twice a day,,,,,2.5,,tablet,0,30,2.5 (two and one half) tablets,,,,,,,by mouth,31,39,by mouth,,,1,,day,,,,,,,,40,51,twice a day,,,,,,,,,,,,,,,,,0,0,0,0,0,0,0,0,1,0,0,0,0,0,0,0,0,0,0,0,0,0,0,0,0,0
15657,46:09.1,3.5 (three and one half) tablets by mouth daily,NULL,0,NULL,NULL,NULL,NULL,3.5,NULL,tablet,0,32,3.5 (three and one half) tablets,NULL,NULL,NULL,NULL,NULL,NULL,by mouth,33,41,by mouth,1,NULL,1,NULL,day,NULL,NULL,NULL,NULL,NULL,NULL,NULL,NULL,42,47,daily,NULL,NULL,NULL,NULL,NULL,NULL,NULL,NULL,NULL,NULL,NULL,10171,daily,NULL,NULL,NULL,3.5 (three and one half) tablets by mouth daily,,,,,3.5,,tablet,0,32,3.5 (three and one half) tablets,,,,,,,by mouth,33,41,by mouth,1,,1,,day,,,,,,,,42,47,daily,daily,,,,,,,,,,,,,,,,0,0,0,0,0,0,0,0,0,0,0,0,0,0,0,0,0,0,0,0,0,0,0,0,0,0
15838,46:52.9,7.5 (seven and one half) milliliters by mouth twice a day for ten days,NULL,0,NULL,NULL,NULL,NULL,7.5,NULL,mL,0,35,7.5 (seven and one half) milliliter,NULL,NULL,NULL,NULL,NULL,NULL,by mouth,37,45,by mouth,2,NULL,1,NULL,day,NULL,NULL,NULL,NULL,NULL,NULL,NULL,NULL,46,57,twice a day,10,NULL,day,58,69,ten day,NULL,NULL,NULL,NULL,NULL,11999,twice daily,NULL,NULL,NULL,7.5 (seven and one half) milliliters by mouth twice a day for ten days,,,,,7.5,,mL,0,35,7.5 (seven and one half) milliliter,,,,,,,by mouth,37,45,by mouth,,,1,,day,,,,,,,,46,57,twice a day,,,,,,10,,day,58,69,ten day,,,,,,0,0,0,0,0,0,0,0,1,0,0,0,0,0,0,0,0,0,0,0,0,0,0,0,0,0
13007,14:15.2,take 1/2 tablet by mouth daily,NULL,0,take,0,4,take,2-Jan,NULL,tablet,4,15, 1/2 tablet,NULL,NULL,NULL,NULL,NULL,NULL,by mouth,16,24,by mouth,1,NULL,1,NULL,day,NULL,NULL,NULL,NULL,NULL,NULL,NULL,NULL,25,30,daily,NULL,NULL,NULL,NULL,NULL,NULL,NULL,NULL,NULL,NULL,NULL,13007,daily,NULL,NULL,NULL,take 1/2 tablet by mouth daily,take,0,4,take,0.5,,tablet,4,15, 1/2 tablet,,,,,,,by mouth,16,24,by mouth,1,,1,,day,,,,,,,,25,30,daily,daily,,,,,,,,,,,,,,,,0,1,0,0,0,0,0,0,0,0,0,0,0,0,0,0,0,0,0,0,0,0,0,0,0,0
13008,14:15.2,take 1/2 tablet by mouth every day,NULL,0,take,0,4,take,2-Jan,NULL,tablet,4,15, 1/2 tablet,NULL,NULL,NULL,NULL,NULL,NULL,by mouth,16,24,by mouth,1,NULL,1,NULL,day,NULL,NULL,NULL,NULL,NULL,NULL,NULL,NULL,25,34,every day,NULL,NULL,NULL,NULL,NULL,NULL,NULL,NULL,NULL,NULL,NULL,13008,daily,NULL,NULL,NULL,take 1/2 tablet by mouth every day,take,0,4,take,0.5,,tablet,4,15, 1/2 tablet,,,,,,,by mouth,16,24,by mouth,1,,1,,day,,,,,,,,25,34,every day,daily,,,,,,,,,,,,,,,,0,1,0,0,0,0,0,0,0,0,0,0,0,0,0,0,0,0,0,0,0,0,0,0,0,0
13009,14:15.2,take 1/2 tablet by mouth twice daily,NULL,0,take,0,4,take,2-Jan,NULL,tablet,4,15, 1/2 tablet,NULL,NULL,NULL,NULL,NULL,NULL,by mouth,16,24,by mouth,2,NULL,1,NULL,day,NULL,NULL,NULL,NULL,NULL,NULL,NULL,NULL,25,36,twice daily,NULL,NULL,NULL,NULL,NULL,NULL,NULL,NULL,NULL,NULL,NULL,13009,twice daily,NULL,NULL,NULL,take 1/2 tablet by mouth twice daily,take,0,4,take,0.5,,tablet,4,15, 1/2 tablet,,,,,,,by mouth,16,24,by mouth,,,1,,day,,,,,,,,25,36,twice daily,,,,,,,,,,,,,,,,,0,1,0,0,0,0,0,0,1,0,0,0,0,0,0,0,0,0,0,0,0,0,0,0,0,0
15881,47:18.2,take 1 & 1/2 tablets by mouth daily,NULL,0,take,0,4,take,2-Jan,NULL,tablet,8,20, 1/2 tablets,NULL,NULL,NULL,NULL,NULL,NULL,by mouth,21,29,by mouth,1,NULL,1,NULL,day,NULL,NULL,NULL,NULL,NULL,NULL,NULL,NULL,30,35,daily,NULL,NULL,NULL,NULL,NULL,NULL,NULL,NULL,NULL,NULL,NULL,13013,daily,NULL,NULL,NULL,take 1 & 1/2 tablets by mouth daily,take,0,4,take,1.5,,tablet,4,20, 1 & 1/2 tablets,,,,,,,by mouth,21,29,by mouth,1,,1,,day,,,,,,,,30,35,daily,daily,,,,,,,,,,,,,,,,0,1,0,0,0,0,0,0,0,0,0,0,0,0,0,0,0,0,0,0,0,0,0,0,0,0
15882,47:18.3,take 1 & 1/2 tablets by mouth every day,NULL,0,take,0,4,take,2-Jan,NULL,tablet,8,20, 1/2 tablets,NULL,NULL,NULL,NULL,NULL,NULL,by mouth,21,29,by mouth,1,NULL,1,NULL,day,NULL,NULL,NULL,NULL,NULL,NULL,NULL,NULL,30,39,every day,NULL,NULL,NULL,NULL,NULL,NULL,NULL,NULL,NULL,NULL,NULL,13014,daily,NULL,NULL,NULL,take 1 & 1/2 tablets by mouth every day,take,0,4,take,1.5,,tablet,4,20, 1 & 1/2 tablets,,,,,,,by mouth,21,29,by mouth,1,,1,,day,,,,,,,,30,39,every day,daily,,,,,,,,,,,,,,,,0,1,0,0,0,0,0,0,0,0,0,0,0,0,0,0,0,0,0,0,0,0,0,0,0,0
15883,47:18.3,take 1 & 1/2 tablets by mouth once daily,NULL,0,take,0,4,take,2-Jan,NULL,tablet,8,20, 1/2 tablets,NULL,NULL,NULL,NULL,NULL,NULL,by mouth,21,29,by mouth,1,NULL,1,NULL,day,NULL,NULL,NULL,NULL,NULL,NULL,NULL,NULL,30,40,once daily,NULL,NULL,NULL,NULL,NULL,NULL,NULL,NULL,NULL,NULL,NULL,13015,daily,NULL,NULL,NULL,take 1 & 1/2 tablets by mouth once daily,take,0,4,take,1.5,,tablet,4,20, 1 & 1/2 tablets,,,,,,,by mouth,21,29,by mouth,,,1,,day,,,,,,,,30,40,once daily,,,,,,,,,,,,,,,,,0,1,0,0,0,0,0,0,1,0,0,0,0,0,0,0,0,0,0,0,0,0,0,0,0,0
15884,47:18.3,take 1 & 1/2 tablets daily,NULL,0,take,0,4,take,2-Jan,NULL,tablet,8,20, 1/2 tablets,NULL,NULL,NULL,NULL,NULL,NULL,NULL,NULL,NULL,NULL,1,NULL,1,NULL,day,NULL,NULL,NULL,NULL,NULL,NULL,NULL,NULL,21,26,daily,NULL,NULL,NULL,NULL,NULL,NULL,NULL,NULL,NULL,NULL,NULL,13016,daily,NULL,NULL,NULL,take 1 & 1/2 tablets daily,take,0,4,take,1.5,,tablet,4,20, 1 & 1/2 tablets,,,,,,,,,,,1,,1,,day,,,,,,,,21,26,daily,daily,,,,,,,,,,,,,,,,0,1,0,0,0,0,0,0,0,0,0,0,0,0,0,0,0,0,0,0,0,0,0,0,0,0
15885,47:18.4,take 1 1/2 tablets by mouth daily,NULL,0,take,0,4,take,1 1/2,NULL,tablet,4,18, 1 1/2 tablets,NULL,NULL,NULL,NULL,NULL,NULL,by mouth,19,27,by mouth,1,NULL,1,NULL,day,NULL,NULL,NULL,NULL,NULL,NULL,NULL,NULL,28,33,daily,NULL,NULL,NULL,NULL,NULL,NULL,NULL,NULL,NULL,NULL,NULL,13017,daily,NULL,NULL,NULL,take 1 1/2 tablets by mouth daily,take,0,4,take,1.5,,tablet,4,18, 1 1/2 tablets,,,,,,,by mouth,19,27,by mouth,1,,1,,day,,,,,,,,28,33,daily,daily,,,,,,,,,,,,,,,,0,1,0,0,0,0,0,0,0,0,0,0,0,0,0,0,0,0,0,0,0,0,0,0,0,0
15886,47:18.4,take 1 1/2 tablets by mouth twice daily,NULL,0,take,0,4,take,1 1/2,NULL,tablet,4,18, 1 1/2 tablets,NULL,NULL,NULL,NULL,NULL,NULL,by mouth,19,27,by mouth,2,NULL,1,NULL,day,NULL,NULL,NULL,NULL,NULL,NULL,NULL,NULL,28,39,twice daily,NULL,NULL,NULL,NULL,NULL,NULL,NULL,NULL,NULL,NULL,NULL,13018,twice daily,NULL,NULL,NULL,take 1 1/2 tablets by mouth twice daily,take,0,4,take,1.5,,tablet,4,18, 1 1/2 tablets,,,,,,,by mouth,19,27,by mouth,,,1,,day,,,,,,,,28,39,twice daily,,,,,,,,,,,,,,,,,0,1,0,0,0,0,0,0,1,0,0,0,0,0,0,0,0,0,0,0,0,0,0,0,0,0
13019,14:15.5,take 1 and 1/2 tablet by mouth daily,NULL,0,take,0,4,take,2-Jan,NULL,tablet,10,21, 1/2 tablet,NULL,NULL,NULL,NULL,NULL,NULL,by mouth,22,30,by mouth,1,NULL,1,NULL,day,NULL,NULL,NULL,NULL,NULL,NULL,NULL,NULL,31,36,daily,NULL,NULL,NULL,NULL,NULL,NULL,NULL,NULL,NULL,NULL,NULL,13019,daily,NULL,NULL,NULL,take 1 and 1/2 tablet by mouth daily,take,0,4,take,1.5,,tablet,4,21, 1 and 1/2 tablet,,,,,,,by mouth,22,30,by mouth,1,,1,,day,,,,,,,,31,36,daily,daily,,,,,,,,,,,,,,,,0,1,0,0,0,0,0,0,0,0,0,0,0,0,0,0,0,0,0,0,0,0,0,0,0,0
13020,14:15.5,take 1 and 1/2 tablet by mouth every day,NULL,0,take,0,4,take,2-Jan,NULL,tablet,10,21, 1/2 tablet,NULL,NULL,NULL,NULL,NULL,NULL,by mouth,22,30,by mouth,1,NULL,1,NULL,day,NULL,NULL,NULL,NULL,NULL,NULL,NULL,NULL,31,40,every day,NULL,NULL,NULL,NULL,NULL,NULL,NULL,NULL,NULL,NULL,NULL,13020,daily,NULL,NULL,NULL,take 1 and 1/2 tablet by mouth every day,take,0,4,take,1.5,,tablet,4,21, 1 and 1/2 tablet,,,,,,,by mouth,22,30,by mouth,1,,1,,day,,,,,,,,31,40,every day,daily,,,,,,,,,,,,,,,,0,1,0,0,0,0,0,0,0,0,0,0,0,0,0,0,0,0,0,0,0,0,0,0,0,0
15887,47:18.5,take 1 and 1/2 tablets by mouth daily,NULL,0,take,0,4,take,2-Jan,NULL,tablet,10,22, 1/2 tablets,NULL,NULL,NULL,NULL,NULL,NULL,by mouth,23,31,by mouth,1,NULL,1,NULL,day,NULL,NULL,NULL,NULL,NULL,NULL,NULL,NULL,32,37,daily,NULL,NULL,NULL,NULL,NULL,NULL,NULL,NULL,NULL,NULL,NULL,13021,daily,NULL,NULL,NULL,take 1 and 1/2 tablets by mouth daily,take,0,4,take,1.5,,tablet,4,22, 1 and 1/2 tablets,,,,,,,by mouth,23,31,by mouth,1,,1,,day,,,,,,,,32,37,daily,daily,,,,,,,,,,,,,,,,0,1,0,0,0,0,0,0,0,0,0,0,0,0,0,0,0,0,0,0,0,0,0,0,0,0
15888,47:18.5,take 1 and 1/2 tablets by mouth every day,NULL,0,take,0,4,take,2-Jan,NULL,tablet,10,22, 1/2 tablets,NULL,NULL,NULL,NULL,NULL,NULL,by mouth,23,31,by mouth,1,NULL,1,NULL,day,NULL,NULL,NULL,NULL,NULL,NULL,NULL,NULL,32,41,every day,NULL,NULL,NULL,NULL,NULL,NULL,NULL,NULL,NULL,NULL,NULL,13022,daily,NULL,NULL,NULL,take 1 and 1/2 tablets by mouth every day,take,0,4,take,1.5,,tablet,4,22, 1 and 1/2 tablets,,,,,,,by mouth,23,31,by mouth,1,,1,,day,,,,,,,,32,41,every day,daily,,,,,,,,,,,,,,,,0,1,0,0,0,0,0,0,0,0,0,0,0,0,0,0,0,0,0,0,0,0,0,0,0,0
15889,47:18.5,take 1 and 1/2 tablets by mouth once daily,NULL,0,take,0,4,take,2-Jan,NULL,tablet,10,22, 1/2 tablets,NULL,NULL,NULL,NULL,NULL,NULL,by mouth,23,31,by mouth,1,NULL,1,NULL,day,NULL,NULL,NULL,NULL,NULL,NULL,NULL,NULL,32,42,once daily,NULL,NULL,NULL,NULL,NULL,NULL,NULL,NULL,NULL,NULL,NULL,13023,daily,NULL,NULL,NULL,take 1 and 1/2 tablets by mouth once daily,take,0,4,take,1.5,,tablet,4,22, 1 and 1/2 tablets,,,,,,,by mouth,23,31,by mouth,,,1,,day,,,,,,,,32,42,once daily,,,,,,,,,,,,,,,,,0,1,0,0,0,0,0,0,1,0,0,0,0,0,0,0,0,0,0,0,0,0,0,0,0,0
15890,47:18.5,take 1 and 1/2 tablets by mouth twice daily,NULL,0,take,0,4,take,2-Jan,NULL,tablet,10,22, 1/2 tablets,NULL,NULL,NULL,NULL,NULL,NULL,by mouth,23,31,by mouth,2,NULL,1,NULL,day,NULL,NULL,NULL,NULL,NULL,NULL,NULL,NULL,32,43,twice daily,NULL,NULL,NULL,NULL,NULL,NULL,NULL,NULL,NULL,NULL,NULL,13024,twice daily,NULL,NULL,NULL,take 1 and 1/2 tablets by mouth twice daily,take,0,4,take,1.5,,tablet,4,22, 1 and 1/2 tablets,,,,,,,by mouth,23,31,by mouth,,,1,,day,,,,,,,,32,43,twice daily,,,,,,,,,,,,,,,,,0,1,0,0,0,0,0,0,1,0,0,0,0,0,0,0,0,0,0,0,0,0,0,0,0,0
15891,47:18.6,take 1 and 1/2 tablets daily,NULL,0,take,0,4,take,2-Jan,NULL,tablet,10,22, 1/2 tablets,NULL,NULL,NULL,NULL,NULL,NULL,NULL,NULL,NULL,NULL,1,NULL,1,NULL,day,NULL,NULL,NULL,NULL,NULL,NULL,NULL,NULL,23,28,daily,NULL,NULL,NULL,NULL,NULL,NULL,NULL,NULL,NULL,NULL,NULL,13025,daily,NULL,NULL,NULL,take 1 and 1/2 tablets daily,take,0,4,take,1.5,,tablet,4,22, 1 and 1/2 tablets,,,,,,,,,,,1,,1,,day,,,,,,,,23,28,daily,daily,,,,,,,,,,,,,,,,0,1,0,0,0,0,0,0,0,0,0,0,0,0,0,0,0,0,0,0,0,0,0,0,0,0
13052,14:16.4,take 1 capsule daily in the morning 1/2 hour before breakfast. *dns*,NULL,0,take,0,4,take,1,NULL,capsule,4,14, 1 capsule,NULL,NULL,NULL,NULL,NULL,NULL,NULL,NULL,NULL,NULL,1,NULL,1,NULL,day,NULL,NULL,NULL,NULL,in the morning,NULL,NULL,NULL,15,20,daily,NULL,NULL,NULL,NULL,NULL,NULL,NULL,NULL,NULL,NULL,NULL,13052,daily,in the morning,35,21,take 1 capsule daily in the morning 1/2 hour before breakfast. *dns*,take,0,4,take,,,capsule,4,14, 1 capsule,,,,,,,,,,,1,,1,,day,,,,,,,,15,20,daily,daily,in the morning,21,35,in the morning,,,,,,,,,,,,0,1,0,0,0,0,0,0,0,0,0,0,0,0,0,0,0,0,0,0,0,0,0,0,0,0
13346,14:24.8,take 1/2 tab daily,NULL,0,take,0,4,take,2-Jan,NULL,tablet,4,12, 1/2 tab,NULL,NULL,NULL,NULL,NULL,NULL,NULL,NULL,NULL,NULL,1,NULL,1,NULL,day,NULL,NULL,NULL,NULL,NULL,NULL,NULL,NULL,13,18,daily,NULL,NULL,NULL,NULL,NULL,NULL,NULL,NULL,NULL,NULL,NULL,13346,daily,NULL,NULL,NULL,take 1/2 tab daily,take,0,4,take,0.5,,tablet,4,12, 1/2 tab,,,,,,,,,,,1,,1,,day,,,,,,,,13,18,daily,daily,,,,,,,,,,,,,,,,0,1,0,0,0,0,0,0,0,0,0,0,0,0,0,0,0,0,0,0,0,0,0,0,0,0
13347,14:24.8,take 1/2 tablet (20mg) every day in the evening. **dns**,NULL,0,take,0,4,take,2-Jan,NULL,tablet,4,15, 1/2 tablet,20,NULL,mg,15,21, (20mg,NULL,NULL,NULL,NULL,1,NULL,1,NULL,day,NULL,NULL,NULL,NULL,in the evening,NULL,NULL,NULL,23,47,every day in the evening,NULL,NULL,NULL,NULL,NULL,NULL,NULL,NULL,NULL,NULL,NULL,13347,daily,in the evening,47,33,take 1/2 tablet (20mg) every day in the evening. **dns**,take,0,4,take,0.5,,tablet,4,15, 1/2 tablet,,,mg,15,21, (20mg,,,,,1,,1,,day,,,,,,,,23,47,every day in the evening,daily,in the evening,33,47,in the evening,,,,,,,,,,,,0,1,0,0,1,0,0,0,0,0,0,0,0,0,0,0,0,0,0,0,0,0,0,0,0,0
13348,14:24.8,take 1/2 tablet at bedtime,NULL,0,take,0,4,take,2-Jan,NULL,tablet,4,15, 1/2 tablet,NULL,NULL,NULL,NULL,NULL,NULL,NULL,NULL,NULL,NULL,1,NULL,1,NULL,day,NULL,NULL,NULL,NULL,at bedtime,NULL,NULL,NULL,16,26,at bedtime,NULL,NULL,NULL,NULL,NULL,NULL,NULL,NULL,NULL,NULL,NULL,13348,daily,at bedtime,26,16,take 1/2 tablet at bedtime,take,0,4,take,0.5,,tablet,4,15, 1/2 tablet,,,,,,,,,,,1,,1,,day,,,,,,,,16,26,at bedtime,daily,at bedtime,16,26,at bedtime,,,,,,,,,,,,0,1,0,0,0,0,0,0,0,0,0,0,0,0,0,0,0,0,0,0,0,0,0,0,0,0
13349,14:24.9,take 1/2 tablet by mouth at bedtime,NULL,0,take,0,4,take,2-Jan,NULL,tablet,4,15, 1/2 tablet,NULL,NULL,NULL,NULL,NULL,NULL,by mouth,16,24,by mouth,1,NULL,1,NULL,day,NULL,NULL,NULL,NULL,at bedtime,NULL,NULL,NULL,25,35,at bedtime,NULL,NULL,NULL,NULL,NULL,NULL,NULL,NULL,NULL,NULL,NULL,13349,daily,at bedtime,35,25,take 1/2 tablet by mouth at bedtime,take,0,4,take,0.5,,tablet,4,15, 1/2 tablet,,,,,,,by mouth,16,24,by mouth,1,,1,,day,,,,,,,,25,35,at bedtime,daily,at bedtime,25,35,at bedtime,,,,,,,,,,,,0,1,0,0,0,0,0,0,0,0,0,0,0,0,0,0,0,0,0,0,0,0,0,0,0,0
13350,14:24.9,take 1/2 tablet by mouth at bedtime as needed,NULL,0,take,0,4,take,2-Jan,NULL,tablet,4,15, 1/2 tablet,NULL,NULL,NULL,NULL,NULL,NULL,by mouth,16,24,by mouth,1,NULL,1,NULL,day,NULL,NULL,NULL,NULL,at bedtime,NULL,NULL,NULL,25,35,at bedtime,NULL,NULL,NULL,NULL,NULL,NULL,1,NULL,36,45,as needed,13350,daily,at bedtime,35,25,take 1/2 tablet by mouth at bedtime as needed,take,0,4,take,0.5,,tablet,4,15, 1/2 tablet,,,,,,,by mouth,16,24,by mouth,1,,1,,day,,,,,,,,25,35,at bedtime,daily,at bedtime,25,35,at bedtime,,,,,,,1,,36,45,as needed,0,1,0,0,0,0,0,0,0,0,0,0,0,0,0,0,0,0,0,0,0,0,0,0,0,0
13351,14:24.9,take 1/2 tablet by mouth daily,NULL,0,take,0,4,take,2-Jan,NULL,tablet,4,15, 1/2 tablet,NULL,NULL,NULL,NULL,NULL,NULL,by mouth,16,24,by mouth,1,NULL,1,NULL,day,NULL,NULL,NULL,NULL,NULL,NULL,NULL,NULL,25,30,daily,NULL,NULL,NULL,NULL,NULL,NULL,NULL,NULL,NULL,NULL,NULL,13351,daily,NULL,NULL,NULL,take 1/2 tablet by mouth daily,take,0,4,take,0.5,,tablet,4,15, 1/2 tablet,,,,,,,by mouth,16,24,by mouth,1,,1,,day,,,,,,,,25,30,daily,daily,,,,,,,,,,,,,,,,0,1,0,0,0,0,0,0,0,0,0,0,0,0,0,0,0,0,0,0,0,0,0,0,0,0
13352,14:25.0,take 1/2 tablet by mouth daily.,NULL,0,take,0,4,take,2-Jan,NULL,tablet,4,15, 1/2 tablet,NULL,NULL,NULL,NULL,NULL,NULL,by mouth,16,24,by mouth,1,NULL,1,NULL,day,NULL,NULL,NULL,NULL,NULL,NULL,NULL,NULL,25,30,daily,NULL,NULL,NULL,NULL,NULL,NULL,NULL,NULL,NULL,NULL,NULL,13352,daily,NULL,NULL,NULL,take 1/2 tablet by mouth daily.,take,0,4,take,0.5,,tablet,4,15, 1/2 tablet,,,,,,,by mouth,16,24,by mouth,1,,1,,day,,,,,,,,25,30,daily,daily,,,,,,,,,,,,,,,,0,1,0,0,0,0,0,0,0,0,0,0,0,0,0,0,0,0,0,0,0,0,0,0,0,0
13353,14:25.0,take 1/2 tablet by mouth every day,NULL,0,take,0,4,take,2-Jan,NULL,tablet,4,15, 1/2 tablet,NULL,NULL,NULL,NULL,NULL,NULL,by mouth,16,24,by mouth,1,NULL,1,NULL,day,NULL,NULL,NULL,NULL,NULL,NULL,NULL,NULL,25,34,every day,NULL,NULL,NULL,NULL,NULL,NULL,NULL,NULL,NULL,NULL,NULL,13353,daily,NULL,NULL,NULL,take 1/2 tablet by mouth every day,take,0,4,take,0.5,,tablet,4,15, 1/2 tablet,,,,,,,by mouth,16,24,by mouth,1,,1,,day,,,,,,,,25,34,every day,daily,,,,,,,,,,,,,,,,0,1,0,0,0,0,0,0,0,0,0,0,0,0,0,0,0,0,0,0,0,0,0,0,0,0
13354,14:25.0,take 1/2 tablet by mouth every evening,NULL,0,take,0,4,take,2-Jan,NULL,tablet,4,15, 1/2 tablet,NULL,NULL,NULL,NULL,NULL,NULL,by mouth,16,24,by mouth,1,NULL,1,NULL,day,NULL,NULL,NULL,NULL,in the evening,NULL,NULL,NULL,25,38,every evening,NULL,NULL,NULL,NULL,NULL,NULL,NULL,NULL,NULL,NULL,NULL,13354,daily,every evening,38,25,take 1/2 tablet by mouth every evening,take,0,4,take,0.5,,tablet,4,15, 1/2 tablet,,,,,,,by mouth,16,24,by mouth,1,,1,,day,,,,,,,,25,38,every evening,daily,in the evening,25,38,every evening,,,,,,,,,,,,0,1,0,0,0,0,0,0,0,0,0,0,0,0,0,0,0,0,0,0,0,0,0,0,0,0
13355,14:25.0,take 1/2 tablet by mouth every morning,NULL,0,take,0,4,take,2-Jan,NULL,tablet,4,15, 1/2 tablet,NULL,NULL,NULL,NULL,NULL,NULL,by mouth,16,24,by mouth,1,NULL,1,NULL,day,NULL,NULL,NULL,NULL,in the morning,NULL,NULL,NULL,25,38,every morning,NULL,NULL,NULL,NULL,NULL,NULL,NULL,NULL,NULL,NULL,NULL,13355,daily,every morning,38,25,take 1/2 tablet by mouth every morning,take,0,4,take,0.5,,tablet,4,15, 1/2 tablet,,,,,,,by mouth,16,24,by mouth,1,,1,,day,,,,,,,,25,38,every morning,daily,in the morning,25,38,every morning,,,,,,,,,,,,0,1,0,0,0,0,0,0,0,0,0,0,0,0,0,0,0,0,0,0,0,0,0,0,0,0
13356,14:25.1,take 1/2 tablet by mouth every other day,NULL,0,take,0,4,take,2-Jan,NULL,tablet,4,15, 1/2 tablet,NULL,NULL,NULL,NULL,NULL,NULL,by mouth,16,24,by mouth,1,NULL,2,NULL,day,NULL,NULL,NULL,NULL,NULL,NULL,NULL,NULL,25,40,every other day,NULL,NULL,NULL,NULL,NULL,NULL,NULL,NULL,NULL,NULL,NULL,13356,every 2 days,NULL,NULL,NULL,take 1/2 tablet by mouth every other day,take,0,4,take,0.5,,tablet,4,15, 1/2 tablet,,,,,,,by mouth,16,24,by mouth,1,,2,,day,,,,,,,,25,40,every other day,every 2 days,,,,,,,,,,,,,,,,0,1,0,0,0,0,0,0,0,0,0,0,0,0,0,0,0,0,0,0,0,0,0,0,0,0
13357,14:25.1,take 1/2 tablet by mouth once daily,NULL,0,take,0,4,take,2-Jan,NULL,tablet,4,15, 1/2 tablet,NULL,NULL,NULL,NULL,NULL,NULL,by mouth,16,24,by mouth,1,NULL,1,NULL,day,NULL,NULL,NULL,NULL,NULL,NULL,NULL,NULL,25,35,once daily,NULL,NULL,NULL,NULL,NULL,NULL,NULL,NULL,NULL,NULL,NULL,13357,daily,NULL,NULL,NULL,take 1/2 tablet by mouth once daily,take,0,4,take,0.5,,tablet,4,15, 1/2 tablet,,,,,,,by mouth,16,24,by mouth,,,1,,day,,,,,,,,25,35,once daily,,,,,,,,,,,,,,,,,0,1,0,0,0,0,0,0,1,0,0,0,0,0,0,0,0,0,0,0,0,0,0,0,0,0
13358,14:25.1,take 1/2 tablet by mouth three times daily,NULL,0,take,0,4,take,2-Jan,NULL,tablet,4,15, 1/2 tablet,NULL,NULL,NULL,NULL,NULL,NULL,by mouth,16,24,by mouth,3,NULL,1,NULL,day,NULL,NULL,NULL,NULL,NULL,NULL,NULL,NULL,25,42,three times daily,NULL,NULL,NULL,NULL,NULL,NULL,NULL,NULL,NULL,NULL,NULL,13358,3 times per day,NULL,NULL,NULL,take 1/2 tablet by mouth three times daily,take,0,4,take,0.5,,tablet,4,15, 1/2 tablet,,,,,,,by mouth,16,24,by mouth,3,,1,,day,,,,,,,,25,42,three times daily,3 times per day,,,,,,,,,,,,,,,,0,1,0,0,0,0,0,0,0,0,0,0,0,0,0,0,0,0,0,0,0,0,0,0,0,0
13359,14:25.2,take 1/2 tablet by mouth twice a day,NULL,0,take,0,4,take,2-Jan,NULL,tablet,4,15, 1/2 tablet,NULL,NULL,NULL,NULL,NULL,NULL,by mouth,16,24,by mouth,2,NULL,1,NULL,day,NULL,NULL,NULL,NULL,NULL,NULL,NULL,NULL,25,36,twice a day,NULL,NULL,NULL,NULL,NULL,NULL,NULL,NULL,NULL,NULL,NULL,13359,twice daily,NULL,NULL,NULL,take 1/2 tablet by mouth twice a day,take,0,4,take,0.5,,tablet,4,15, 1/2 tablet,,,,,,,by mouth,16,24,by mouth,,,1,,day,,,,,,,,25,36,twice a day,,,,,,,,,,,,,,,,,0,1,0,0,0,0,0,0,1,0,0,0,0,0,0,0,0,0,0,0,0,0,0,0,0,0
13360,14:25.2,take 1/2 tablet by mouth twice daily,NULL,0,take,0,4,take,2-Jan,NULL,tablet,4,15, 1/2 tablet,NULL,NULL,NULL,NULL,NULL,NULL,by mouth,16,24,by mouth,2,NULL,1,NULL,day,NULL,NULL,NULL,NULL,NULL,NULL,NULL,NULL,25,36,twice daily,NULL,NULL,NULL,NULL,NULL,NULL,NULL,NULL,NULL,NULL,NULL,13360,twice daily,NULL,NULL,NULL,take 1/2 tablet by mouth twice daily,take,0,4,take,0.5,,tablet,4,15, 1/2 tablet,,,,,,,by mouth,16,24,by mouth,,,1,,day,,,,,,,,25,36,twice daily,,,,,,,,,,,,,,,,,0,1,0,0,0,0,0,0,1,0,0,0,0,0,0,0,0,0,0,0,0,0,0,0,0,0
13361,14:25.2,take 1/2 tablet daily,NULL,0,take,0,4,take,2-Jan,NULL,tablet,4,15, 1/2 tablet,NULL,NULL,NULL,NULL,NULL,NULL,NULL,NULL,NULL,NULL,1,NULL,1,NULL,day,NULL,NULL,NULL,NULL,NULL,NULL,NULL,NULL,16,21,daily,NULL,NULL,NULL,NULL,NULL,NULL,NULL,NULL,NULL,NULL,NULL,13361,daily,NULL,NULL,NULL,take 1/2 tablet daily,take,0,4,take,0.5,,tablet,4,15, 1/2 tablet,,,,,,,,,,,1,,1,,day,,,,,,,,16,21,daily,daily,,,,,,,,,,,,,,,,0,1,0,0,0,0,0,0,0,0,0,0,0,0,0,0,0,0,0,0,0,0,0,0,0,0
13362,14:25.2,take 1/2 tablet daily.,NULL,0,take,0,4,take,2-Jan,NULL,tablet,4,15, 1/2 tablet,NULL,NULL,NULL,NULL,NULL,NULL,NULL,NULL,NULL,NULL,1,NULL,1,NULL,day,NULL,NULL,NULL,NULL,NULL,NULL,NULL,NULL,16,21,daily,NULL,NULL,NULL,NULL,NULL,NULL,NULL,NULL,NULL,NULL,NULL,13362,daily,NULL,NULL,NULL,take 1/2 tablet daily.,take,0,4,take,0.5,,tablet,4,15, 1/2 tablet,,,,,,,,,,,1,,1,,day,,,,,,,,16,21,daily,daily,,,,,,,,,,,,,,,,0,1,0,0,0,0,0,0,0,0,0,0,0,0,0,0,0,0,0,0,0,0,0,0,0,0
13363,14:25.3,take 1/2 tablet every day,NULL,0,take,0,4,take,2-Jan,NULL,tablet,4,15, 1/2 tablet,NULL,NULL,NULL,NULL,NULL,NULL,NULL,NULL,NULL,NULL,1,NULL,1,NULL,day,NULL,NULL,NULL,NULL,NULL,NULL,NULL,NULL,16,25,every day,NULL,NULL,NULL,NULL,NULL,NULL,NULL,NULL,NULL,NULL,NULL,13363,daily,NULL,NULL,NULL,take 1/2 tablet every day,take,0,4,take,0.5,,tablet,4,15, 1/2 tablet,,,,,,,,,,,1,,1,,day,,,,,,,,16,25,every day,daily,,,,,,,,,,,,,,,,0,1,0,0,0,0,0,0,0,0,0,0,0,0,0,0,0,0,0,0,0,0,0,0,0,0
13364,14:25.3,take 1/2 tablet once daily,NULL,0,take,0,4,take,2-Jan,NULL,tablet,4,15, 1/2 tablet,NULL,NULL,NULL,NULL,NULL,NULL,NULL,NULL,NULL,NULL,1,NULL,1,NULL,day,NULL,NULL,NULL,NULL,NULL,NULL,NULL,NULL,16,26,once daily,NULL,NULL,NULL,NULL,NULL,NULL,NULL,NULL,NULL,NULL,NULL,13364,daily,NULL,NULL,NULL,take 1/2 tablet once daily,take,0,4,take,0.5,,tablet,4,15, 1/2 tablet,,,,,,,,,,,,,1,,day,,,,,,,,16,26,once daily,,,,,,,,,,,,,,,,,0,1,0,0,0,0,0,0,1,0,0,0,0,0,0,0,0,0,0,0,0,0,0,0,0,0
13365,14:25.3,take 1/2 tablet twice a day,NULL,0,take,0,4,take,2-Jan,NULL,tablet,4,15, 1/2 tablet,NULL,NULL,NULL,NULL,NULL,NULL,NULL,NULL,NULL,NULL,2,NULL,1,NULL,day,NULL,NULL,NULL,NULL,NULL,NULL,NULL,NULL,16,27,twice a day,NULL,NULL,NULL,NULL,NULL,NULL,NULL,NULL,NULL,NULL,NULL,13365,twice daily,NULL,NULL,NULL,take 1/2 tablet twice a day,take,0,4,take,0.5,,tablet,4,15, 1/2 tablet,,,,,,,,,,,,,1,,day,,,,,,,,16,27,twice a day,,,,,,,,,,,,,,,,,0,1,0,0,0,0,0,0,1,0,0,0,0,0,0,0,0,0,0,0,0,0,0,0,0,0
13366,14:25.4,take 1/2 tablet twice daily,NULL,0,take,0,4,take,2-Jan,NULL,tablet,4,15, 1/2 tablet,NULL,NULL,NULL,NULL,NULL,NULL,NULL,NULL,NULL,NULL,2,NULL,1,NULL,day,NULL,NULL,NULL,NULL,NULL,NULL,NULL,NULL,16,27,twice daily,NULL,NULL,NULL,NULL,NULL,NULL,NULL,NULL,NULL,NULL,NULL,13366,twice daily,NULL,NULL,NULL,take 1/2 tablet twice daily,take,0,4,take,0.5,,tablet,4,15, 1/2 tablet,,,,,,,,,,,,,1,,day,,,,,,,,16,27,twice daily,,,,,,,,,,,,,,,,,0,1,0,0,0,0,0,0,1,0,0,0,0,0,0,0,0,0,0,0,0,0,0,0,0,0
13367,14:25.4,take 1/2 to 1 tablet by mouth at bedtime,NULL,0,take,0,4,take,2-Jan,1,tablet,4,20, 1/2 to 1 tablet,NULL,NULL,NULL,NULL,NULL,NULL,by mouth,21,29,by mouth,1,NULL,1,NULL,day,NULL,NULL,NULL,NULL,at bedtime,NULL,NULL,NULL,30,40,at bedtime,NULL,NULL,NULL,NULL,NULL,NULL,NULL,NULL,NULL,NULL,NULL,13367,daily,at bedtime,40,30,take 1/2 to 1 tablet by mouth at bedtime,take,0,4,take,0.5,,tablet,4,20, 1/2 to 1 tablet,,,,,,,by mouth,21,29,by mouth,1,,1,,day,,,,,,,,30,40,at bedtime,daily,at bedtime,30,40,at bedtime,,,,,,,,,,,,0,1,1,0,0,0,0,0,0,0,0,0,0,0,0,0,0,0,0,0,0,0,0,0,0,0
13368,14:25.4,take 1/2 to 1 tablet by mouth at bedtime as needed,NULL,0,take,0,4,take,2-Jan,1,tablet,4,20, 1/2 to 1 tablet,NULL,NULL,NULL,NULL,NULL,NULL,by mouth,21,29,by mouth,1,NULL,1,NULL,day,NULL,NULL,NULL,NULL,at bedtime,NULL,NULL,NULL,30,40,at bedtime,NULL,NULL,NULL,NULL,NULL,NULL,1,NULL,41,50,as needed,13368,daily,at bedtime,40,30,take 1/2 to 1 tablet by mouth at bedtime as needed,take,0,4,take,0.5,,tablet,4,20, 1/2 to 1 tablet,,,,,,,by mouth,21,29,by mouth,1,,1,,day,,,,,,,,30,40,at bedtime,daily,at bedtime,30,40,at bedtime,,,,,,,1,,41,50,as needed,0,1,1,0,0,0,0,0,0,0,0,0,0,0,0,0,0,0,0,0,0,0,0,0,0,0
13369,14:25.4,take 1/2 to 1 tablet by mouth at bedtime as needed for sleep,NULL,0,take,0,4,take,2-Jan,1,tablet,4,20, 1/2 to 1 tablet,NULL,NULL,NULL,NULL,NULL,NULL,by mouth,21,29,by mouth,1,NULL,1,NULL,day,NULL,NULL,NULL,NULL,at bedtime,NULL,NULL,NULL,30,40,at bedtime,NULL,NULL,NULL,NULL,NULL,NULL,1,sleep,41,60,as needed for sleep,13369,daily,at bedtime,40,30,take 1/2 to 1 tablet by mouth at bedtime as needed for sleep,take,0,4,take,0.5,,tablet,4,20, 1/2 to 1 tablet,,,,,,,by mouth,21,29,by mouth,1,,1,,day,,,,,,,,30,40,at bedtime,daily,at bedtime,30,40,at bedtime,,,,,,,1,sleep,41,60,as needed for sleep,0,1,1,0,0,0,0,0,0,0,0,0,0,0,0,0,0,0,0,0,0,0,0,0,0,0
13370,14:25.5,take 1/2 to 1 tablet by mouth daily,NULL,0,take,0,4,take,2-Jan,1,tablet,4,20, 1/2 to 1 tablet,NULL,NULL,NULL,NULL,NULL,NULL,by mouth,21,29,by mouth,1,NULL,1,NULL,day,NULL,NULL,NULL,NULL,NULL,NULL,NULL,NULL,30,35,daily,NULL,NULL,NULL,NULL,NULL,NULL,NULL,NULL,NULL,NULL,NULL,13370,daily,NULL,NULL,NULL,take 1/2 to 1 tablet by mouth daily,take,0,4,take,0.5,,tablet,4,20, 1/2 to 1 tablet,,,,,,,by mouth,21,29,by mouth,1,,1,,day,,,,,,,,30,35,daily,daily,,,,,,,,,,,,,,,,0,1,1,0,0,0,0,0,0,0,0,0,0,0,0,0,0,0,0,0,0,0,0,0,0,0
13371,14:25.5,take 1/2 to 1 tablet by mouth three times daily as needed,NULL,0,take,0,4,take,2-Jan,1,tablet,4,20, 1/2 to 1 tablet,NULL,NULL,NULL,NULL,NULL,NULL,by mouth,21,29,by mouth,3,NULL,1,NULL,day,NULL,NULL,NULL,NULL,NULL,NULL,NULL,NULL,30,47,three times daily,NULL,NULL,NULL,NULL,NULL,NULL,1,NULL,48,57,as needed,13371,3 times per day,NULL,NULL,NULL,take 1/2 to 1 tablet by mouth three times daily as needed,take,0,4,take,0.5,,tablet,4,20, 1/2 to 1 tablet,,,,,,,by mouth,21,29,by mouth,3,,1,,day,,,,,,,,30,47,three times daily,3 times per day,,,,,,,,,,,1,,48,57,as needed,0,1,1,0,0,0,0,0,0,0,0,0,0,0,0,0,0,0,0,0,0,0,0,0,0,0
13372,14:25.5,take 1/2 to 1 tablet by mouth twice daily as needed for anxiety,NULL,0,take,0,4,take,2-Jan,1,tablet,4,20, 1/2 to 1 tablet,NULL,NULL,NULL,NULL,NULL,NULL,by mouth,21,29,by mouth,2,NULL,1,NULL,day,NULL,NULL,NULL,NULL,NULL,NULL,NULL,NULL,30,41,twice daily,NULL,NULL,NULL,NULL,NULL,NULL,1,anxiety,42,63,as needed for anxiety,13372,twice daily,NULL,NULL,NULL,take 1/2 to 1 tablet by mouth twice daily as needed for anxiety,take,0,4,take,0.5,,tablet,4,20, 1/2 to 1 tablet,,,,,,,by mouth,21,29,by mouth,,,1,,day,,,,,,,,30,41,twice daily,,,,,,,,,,,,1,anxiety,42,63,as needed for anxiety,0,1,1,0,0,0,0,0,1,0,0,0,0,0,0,0,0,0,0,0,0,0,0,0,0,0
13494,14:29.0,take half tablet by mouth daily,NULL,0,take,0,4,take,NULL,NULL,NULL,NULL,NULL,NULL,NULL,NULL,NULL,NULL,NULL,NULL,by mouth,17,25,by mouth,1,NULL,1,NULL,day,NULL,NULL,NULL,NULL,NULL,NULL,NULL,NULL,26,31,daily,NULL,NULL,NULL,NULL,NULL,NULL,NULL,NULL,NULL,NULL,NULL,13494,daily,NULL,NULL,NULL,take half tablet by mouth daily,take,0,4,take,0,,tablet,4,16, half tablet,,,,,,,by mouth,17,25,by mouth,1,,1,,day,,,,,,,,26,31,daily,daily,,,,,,,,,,,,,,,,0,1,0,1,0,0,0,0,0,0,0,0,0,0,0,0,0,0,0,0,0,0,0,0,0,0
13497,14:29.1,take one & one-half tablets by mouth every day,NULL,0,take,0,4,take,NULL,NULL,NULL,NULL,NULL,NULL,NULL,NULL,NULL,NULL,NULL,NULL,by mouth,28,36,by mouth,1,NULL,1,NULL,day,NULL,NULL,NULL,NULL,NULL,NULL,NULL,NULL,37,46,every day,NULL,NULL,NULL,NULL,NULL,NULL,NULL,NULL,NULL,NULL,NULL,13497,daily,NULL,NULL,NULL,take one & one-half tablets by mouth every day,take,0,4,take,1,,tablet,4,27, one & one-half tablets,,,,,,,by mouth,28,36,by mouth,1,,1,,day,,,,,,,,37,46,every day,daily,,,,,,,,,,,,,,,,0,1,0,1,0,0,0,0,0,0,0,0,0,0,0,0,0,0,0,0,0,0,0,0,0,0
13498,14:29.1,take one & one-half tablets by mouth twice daily,NULL,0,take,0,4,take,NULL,NULL,NULL,NULL,NULL,NULL,NULL,NULL,NULL,NULL,NULL,NULL,by mouth,28,36,by mouth,2,NULL,1,NULL,day,NULL,NULL,NULL,NULL,NULL,NULL,NULL,NULL,37,48,twice daily,NULL,NULL,NULL,NULL,NULL,NULL,NULL,NULL,NULL,NULL,NULL,13498,twice daily,NULL,NULL,NULL,take one & one-half tablets by mouth twice daily,take,0,4,take,1,,tablet,4,27, one & one-half tablets,,,,,,,by mouth,28,36,by mouth,,,1,,day,,,,,,,,37,48,twice daily,,,,,,,,,,,,,,,,,0,1,0,1,0,0,0,0,1,0,0,0,0,0,0,0,0,0,0,0,0,0,0,0,0,0
13499,14:29.2,take one and one-half tablet by mouth daily,NULL,0,take,0,4,take,NULL,NULL,NULL,NULL,NULL,NULL,NULL,NULL,NULL,NULL,NULL,NULL,by mouth,29,37,by mouth,1,NULL,1,NULL,day,NULL,NULL,NULL,NULL,NULL,NULL,NULL,NULL,38,43,daily,NULL,NULL,NULL,NULL,NULL,NULL,NULL,NULL,NULL,NULL,NULL,13499,daily,NULL,NULL,NULL,take one and one-half tablet by mouth daily,take,0,4,take,1,,tablet,4,28, one and one-half tablet,,,,,,,by mouth,29,37,by mouth,1,,1,,day,,,,,,,,38,43,daily,daily,,,,,,,,,,,,,,,,0,1,0,1,0,0,0,0,0,0,0,0,0,0,0,0,0,0,0,0,0,0,0,0,0,0
13500,14:29.2,take one and one-half tablets by mouth daily,NULL,0,take,0,4,take,NULL,NULL,NULL,NULL,NULL,NULL,NULL,NULL,NULL,NULL,NULL,NULL,by mouth,30,38,by mouth,1,NULL,1,NULL,day,NULL,NULL,NULL,NULL,NULL,NULL,NULL,NULL,39,44,daily,NULL,NULL,NULL,NULL,NULL,NULL,NULL,NULL,NULL,NULL,NULL,13500,daily,NULL,NULL,NULL,take one and one-half tablets by mouth daily,take,0,4,take,1,,tablet,4,29, one and one-half tablets,,,,,,,by mouth,30,38,by mouth,1,,1,,day,,,,,,,,39,44,daily,daily,,,,,,,,,,,,,,,,0,1,0,1,0,0,0,0,0,0,0,0,0,0,0,0,0,0,0,0,0,0,0,0,0,0
13501,14:29.2,take one and one-half tablets by mouth every day,NULL,0,take,0,4,take,NULL,NULL,NULL,NULL,NULL,NULL,NULL,NULL,NULL,NULL,NULL,NULL,by mouth,30,38,by mouth,1,NULL,1,NULL,day,NULL,NULL,NULL,NULL,NULL,NULL,NULL,NULL,39,48,every day,NULL,NULL,NULL,NULL,NULL,NULL,NULL,NULL,NULL,NULL,NULL,13501,daily,NULL,NULL,NULL,take one and one-half tablets by mouth every day,take,0,4,take,1,,tablet,4,29, one and one-half tablets,,,,,,,by mouth,30,38,by mouth,1,,1,,day,,,,,,,,39,48,every day,daily,,,,,,,,,,,,,,,,0,1,0,1,0,0,0,0,0,0,0,0,0,0,0,0,0,0,0,0,0,0,0,0,0,0
13502,14:29.3,take one and one-half tablets by mouth once daily,NULL,0,take,0,4,take,NULL,NULL,NULL,NULL,NULL,NULL,NULL,NULL,NULL,NULL,NULL,NULL,by mouth,30,38,by mouth,1,NULL,1,NULL,day,NULL,NULL,NULL,NULL,NULL,NULL,NULL,NULL,39,49,once daily,NULL,NULL,NULL,NULL,NULL,NULL,NULL,NULL,NULL,NULL,NULL,13502,daily,NULL,NULL,NULL,take one and one-half tablets by mouth once daily,take,0,4,take,1,,tablet,4,29, one and one-half tablets,,,,,,,by mouth,30,38,by mouth,,,1,,day,,,,,,,,39,49,once daily,,,,,,,,,,,,,,,,,0,1,0,1,0,0,0,0,1,0,0,0,0,0,0,0,0,0,0,0,0,0,0,0,0,0
13503,14:29.3,take one and one-half tablets by mouth twice daily,NULL,0,take,0,4,take,NULL,NULL,NULL,NULL,NULL,NULL,NULL,NULL,NULL,NULL,NULL,NULL,by mouth,30,38,by mouth,2,NULL,1,NULL,day,NULL,NULL,NULL,NULL,NULL,NULL,NULL,NULL,39,50,twice daily,NULL,NULL,NULL,NULL,NULL,NULL,NULL,NULL,NULL,NULL,NULL,13503,twice daily,NULL,NULL,NULL,take one and one-half tablets by mouth twice daily,take,0,4,take,1,,tablet,4,29, one and one-half tablets,,,,,,,by mouth,30,38,by mouth,,,1,,day,,,,,,,,39,50,twice daily,,,,,,,,,,,,,,,,,0,1,0,1,0,0,0,0,1,0,0,0,0,0,0,0,0,0,0,0,0,0,0,0,0,0
13504,14:29.3,take one and one-half tablets daily,NULL,0,take,0,4,take,NULL,NULL,NULL,NULL,NULL,NULL,NULL,NULL,NULL,NULL,NULL,NULL,NULL,NULL,NULL,NULL,1,NULL,1,NULL,day,NULL,NULL,NULL,NULL,NULL,NULL,NULL,NULL,30,35,daily,NULL,NULL,NULL,NULL,NULL,NULL,NULL,NULL,NULL,NULL,NULL,13504,daily,NULL,NULL,NULL,take one and one-half tablets daily,take,0,4,take,1,,tablet,4,29, one and one-half tablets,,,,,,,,,,,1,,1,,day,,,,,,,,30,35,daily,daily,,,,,,,,,,,,,,,,0,1,0,1,0,0,0,0,0,0,0,0,0,0,0,0,0,0,0,0,0,0,0,0,0,0
13567,14:31.2,take one half tablet by mouth daily,NULL,0,take,0,4,take,NULL,NULL,NULL,NULL,NULL,NULL,NULL,NULL,NULL,NULL,NULL,NULL,by mouth,21,29,by mouth,1,NULL,1,NULL,day,NULL,NULL,NULL,NULL,NULL,NULL,NULL,NULL,30,35,daily,NULL,NULL,NULL,NULL,NULL,NULL,NULL,NULL,NULL,NULL,NULL,13567,daily,NULL,NULL,NULL,take one half tablet by mouth daily,take,0,4,take,1,,tablet,4,20, one half tablet,,,,,,,by mouth,21,29,by mouth,1,,1,,day,,,,,,,,30,35,daily,daily,,,,,,,,,,,,,,,,0,1,0,1,0,0,0,0,0,0,0,0,0,0,0,0,0,0,0,0,0,0,0,0,0,0
13568,14:31.2,take one half tablet by mouth every day,NULL,0,take,0,4,take,NULL,NULL,NULL,NULL,NULL,NULL,NULL,NULL,NULL,NULL,NULL,NULL,by mouth,21,29,by mouth,1,NULL,1,NULL,day,NULL,NULL,NULL,NULL,NULL,NULL,NULL,NULL,30,39,every day,NULL,NULL,NULL,NULL,NULL,NULL,NULL,NULL,NULL,NULL,NULL,13568,daily,NULL,NULL,NULL,take one half tablet by mouth every day,take,0,4,take,1,,tablet,4,20, one half tablet,,,,,,,by mouth,21,29,by mouth,1,,1,,day,,,,,,,,30,39,every day,daily,,,,,,,,,,,,,,,,0,1,0,1,0,0,0,0,0,0,0,0,0,0,0,0,0,0,0,0,0,0,0,0,0,0
13569,14:31.2,take one half tablet by mouth twice daily,NULL,0,take,0,4,take,NULL,NULL,NULL,NULL,NULL,NULL,NULL,NULL,NULL,NULL,NULL,NULL,by mouth,21,29,by mouth,2,NULL,1,NULL,day,NULL,NULL,NULL,NULL,NULL,NULL,NULL,NULL,30,41,twice daily,NULL,NULL,NULL,NULL,NULL,NULL,NULL,NULL,NULL,NULL,NULL,13569,twice daily,NULL,NULL,NULL,take one half tablet by mouth twice daily,take,0,4,take,1,,tablet,4,20, one half tablet,,,,,,,by mouth,21,29,by mouth,,,1,,day,,,,,,,,30,41,twice daily,,,,,,,,,,,,,,,,,0,1,0,1,0,0,0,0,1,0,0,0,0,0,0,0,0,0,0,0,0,0,0,0,0,0
13776,14:37.2,take one-half (1/2) tablet daily,NULL,0,take,0,4,take,2-Jan,NULL,tablet,13,26, (1/2) tablet,NULL,NULL,NULL,NULL,NULL,NULL,NULL,NULL,NULL,NULL,1,NULL,1,NULL,day,NULL,NULL,NULL,NULL,NULL,NULL,NULL,NULL,27,32,daily,NULL,NULL,NULL,NULL,NULL,NULL,NULL,NULL,NULL,NULL,NULL,13776,daily,NULL,NULL,NULL,take one-half (1/2) tablet daily,take,0,4,take,0,,tablet,4,26, one-half (1/2) tablet,,,,,,,,,,,1,,1,,day,,,,,,,,27,32,daily,daily,,,,,,,,,,,,,,,,0,1,0,0,0,0,0,0,0,0,0,0,0,0,0,0,0,0,0,0,0,0,0,0,0,0
13777,14:37.3,take one-half tablet by mouth at bedtime,NULL,0,take,0,4,take,NULL,NULL,NULL,NULL,NULL,NULL,NULL,NULL,NULL,NULL,NULL,NULL,by mouth,21,29,by mouth,1,NULL,1,NULL,day,NULL,NULL,NULL,NULL,at bedtime,NULL,NULL,NULL,30,40,at bedtime,NULL,NULL,NULL,NULL,NULL,NULL,NULL,NULL,NULL,NULL,NULL,13777,daily,at bedtime,40,30,take one-half tablet by mouth at bedtime,take,0,4,take,0,,tablet,4,20, one-half tablet,,,,,,,by mouth,21,29,by mouth,1,,1,,day,,,,,,,,30,40,at bedtime,daily,at bedtime,30,40,at bedtime,,,,,,,,,,,,0,1,0,1,0,0,0,0,0,0,0,0,0,0,0,0,0,0,0,0,0,0,0,0,0,0
13778,14:37.3,take one-half tablet by mouth daily,NULL,0,take,0,4,take,NULL,NULL,NULL,NULL,NULL,NULL,NULL,NULL,NULL,NULL,NULL,NULL,by mouth,21,29,by mouth,1,NULL,1,NULL,day,NULL,NULL,NULL,NULL,NULL,NULL,NULL,NULL,30,35,daily,NULL,NULL,NULL,NULL,NULL,NULL,NULL,NULL,NULL,NULL,NULL,13778,daily,NULL,NULL,NULL,take one-half tablet by mouth daily,take,0,4,take,0,,tablet,4,20, one-half tablet,,,,,,,by mouth,21,29,by mouth,1,,1,,day,,,,,,,,30,35,daily,daily,,,,,,,,,,,,,,,,0,1,0,1,0,0,0,0,0,0,0,0,0,0,0,0,0,0,0,0,0,0,0,0,0,0
13779,14:37.3,take one-half tablet by mouth every day,NULL,0,take,0,4,take,NULL,NULL,NULL,NULL,NULL,NULL,NULL,NULL,NULL,NULL,NULL,NULL,by mouth,21,29,by mouth,1,NULL,1,NULL,day,NULL,NULL,NULL,NULL,NULL,NULL,NULL,NULL,30,39,every day,NULL,NULL,NULL,NULL,NULL,NULL,NULL,NULL,NULL,NULL,NULL,13779,daily,NULL,NULL,NULL,take one-half tablet by mouth every day,take,0,4,take,0,,tablet,4,20, one-half tablet,,,,,,,by mouth,21,29,by mouth,1,,1,,day,,,,,,,,30,39,every day,daily,,,,,,,,,,,,,,,,0,1,0,1,0,0,0,0,0,0,0,0,0,0,0,0,0,0,0,0,0,0,0,0,0,0
13780,14:37.3,take one-half tablet by mouth every morning,NULL,0,take,0,4,take,NULL,NULL,NULL,NULL,NULL,NULL,NULL,NULL,NULL,NULL,NULL,NULL,by mouth,21,29,by mouth,1,NULL,1,NULL,day,NULL,NULL,NULL,NULL,in the morning,NULL,NULL,NULL,30,43,every morning,NULL,NULL,NULL,NULL,NULL,NULL,NULL,NULL,NULL,NULL,NULL,13780,daily,every morning,43,30,take one-half tablet by mouth every morning,take,0,4,take,0,,tablet,4,20, one-half tablet,,,,,,,by mouth,21,29,by mouth,1,,1,,day,,,,,,,,30,43,every morning,daily,in the morning,30,43,every morning,,,,,,,,,,,,0,1,0,1,0,0,0,0,0,0,0,0,0,0,0,0,0,0,0,0,0,0,0,0,0,0
13781,14:37.4,take one-half tablet by mouth once daily,NULL,0,take,0,4,take,NULL,NULL,NULL,NULL,NULL,NULL,NULL,NULL,NULL,NULL,NULL,NULL,by mouth,21,29,by mouth,1,NULL,1,NULL,day,NULL,NULL,NULL,NULL,NULL,NULL,NULL,NULL,30,40,once daily,NULL,NULL,NULL,NULL,NULL,NULL,NULL,NULL,NULL,NULL,NULL,13781,daily,NULL,NULL,NULL,take one-half tablet by mouth once daily,take,0,4,take,0,,tablet,4,20, one-half tablet,,,,,,,by mouth,21,29,by mouth,,,1,,day,,,,,,,,30,40,once daily,,,,,,,,,,,,,,,,,0,1,0,1,0,0,0,0,1,0,0,0,0,0,0,0,0,0,0,0,0,0,0,0,0,0
13782,14:37.4,take one-half tablet by mouth twice a day,NULL,0,take,0,4,take,NULL,NULL,NULL,NULL,NULL,NULL,NULL,NULL,NULL,NULL,NULL,NULL,by mouth,21,29,by mouth,2,NULL,1,NULL,day,NULL,NULL,NULL,NULL,NULL,NULL,NULL,NULL,30,41,twice a day,NULL,NULL,NULL,NULL,NULL,NULL,NULL,NULL,NULL,NULL,NULL,13782,twice daily,NULL,NULL,NULL,take one-half tablet by mouth twice a day,take,0,4,take,0,,tablet,4,20, one-half tablet,,,,,,,by mouth,21,29,by mouth,,,1,,day,,,,,,,,30,41,twice a day,,,,,,,,,,,,,,,,,0,1,0,1,0,0,0,0,1,0,0,0,0,0,0,0,0,0,0,0,0,0,0,0,0,0
13783,14:37.4,take one-half tablet by mouth twice daily,NULL,0,take,0,4,take,NULL,NULL,NULL,NULL,NULL,NULL,NULL,NULL,NULL,NULL,NULL,NULL,by mouth,21,29,by mouth,2,NULL,1,NULL,day,NULL,NULL,NULL,NULL,NULL,NULL,NULL,NULL,30,41,twice daily,NULL,NULL,NULL,NULL,NULL,NULL,NULL,NULL,NULL,NULL,NULL,13783,twice daily,NULL,NULL,NULL,take one-half tablet by mouth twice daily,take,0,4,take,0,,tablet,4,20, one-half tablet,,,,,,,by mouth,21,29,by mouth,,,1,,day,,,,,,,,30,41,twice daily,,,,,,,,,,,,,,,,,0,1,0,1,0,0,0,0,1,0,0,0,0,0,0,0,0,0,0,0,0,0,0,0,0,0
13784,14:37.5,take one-half tablet daily,NULL,0,take,0,4,take,NULL,NULL,NULL,NULL,NULL,NULL,NULL,NULL,NULL,NULL,NULL,NULL,NULL,NULL,NULL,NULL,1,NULL,1,NULL,day,NULL,NULL,NULL,NULL,NULL,NULL,NULL,NULL,21,26,daily,NULL,NULL,NULL,NULL,NULL,NULL,NULL,NULL,NULL,NULL,NULL,13784,daily,NULL,NULL,NULL,take one-half tablet daily,take,0,4,take,0,,tablet,4,20, one-half tablet,,,,,,,,,,,1,,1,,day,,,,,,,,21,26,daily,daily,,,,,,,,,,,,,,,,0,1,0,1,0,0,0,0,0,0,0,0,0,0,0,0,0,0,0,0,0,0,0,0,0,0
13785,14:37.5,take one-half to one tablet by mouth at bedtime as needed,NULL,0,take,0,4,take,1,NULL,tablet,16,27, one tablet,NULL,NULL,NULL,NULL,NULL,NULL,by mouth,28,36,by mouth,1,NULL,1,NULL,day,NULL,NULL,NULL,NULL,at bedtime,NULL,NULL,NULL,37,47,at bedtime,NULL,NULL,NULL,NULL,NULL,NULL,1,NULL,48,57,as needed,13785,daily,at bedtime,47,37,take one-half to one tablet by mouth at bedtime as needed,take,0,4,take,0,1,tablet,4,27, one-half to one tablet,,,,,,,by mouth,28,36,by mouth,1,,1,,day,,,,,,,,37,47,at bedtime,daily,at bedtime,37,47,at bedtime,,,,,,,1,,48,57,as needed,0,1,1,0,0,0,0,0,0,0,0,0,0,0,0,0,0,0,0,0,0,0,0,0,0,0
15892,47:19.2,take 1 capsule daily in the morning 1/2 hour before breakfast. *dns*,NULL,0,take,0,4,take,1,NULL,capsule,4,14, 1 capsule,NULL,NULL,NULL,NULL,NULL,NULL,NULL,NULL,NULL,NULL,1,NULL,1,NULL,day,NULL,NULL,NULL,NULL,in the morning,NULL,NULL,NULL,15,20,daily,NULL,NULL,NULL,NULL,NULL,NULL,NULL,NULL,NULL,NULL,NULL,14023,daily,in the morning,35,21,take 1 capsule daily in the morning 1/2 hour before breakfast. *dns*,take,0,4,take,,,capsule,4,14, 1 capsule,,,,,,,,,,,1,,1,,day,,,,,,,,15,20,daily,daily,in the morning,21,35,in the morning,,,,,,,,,,,,0,1,0,0,0,0,0,0,0,0,0,0,0,0,0,0,0,0,0,0,0,0,0,0,0,0
15933,47:26.9,take 1/2 tablet (20mg) every day in the evening. **dns**,NULL,0,take,0,4,take,2-Jan,NULL,tablet,4,15, 1/2 tablet,20,NULL,mg,15,21, (20mg,NULL,NULL,NULL,NULL,1,NULL,1,NULL,day,NULL,NULL,NULL,NULL,in the evening,NULL,NULL,NULL,23,47,every day in the evening,NULL,NULL,NULL,NULL,NULL,NULL,NULL,NULL,NULL,NULL,NULL,14028,daily,in the evening,47,33,take 1/2 tablet (20mg) every day in the evening. **dns**,take,0,4,take,0.5,,tablet,4,15, 1/2 tablet,,,mg,15,21, (20mg,,,,,1,,1,,day,,,,,,,,23,47,every day in the evening,daily,in the evening,33,47,in the evening,,,,,,,,,,,,0,1,0,0,1,0,0,0,0,0,0,0,0,0,0,0,0,0,0,0,0,0,0,0,0,0
