id,created,sig_text,owner_id,id,created,version,sig_text,method,method_text_start,method_text_end,method_text,dose,dose_max,dose_unit,dose_text_start,dose_text_end,dose_text,strength,strength_max,strength_unit,strength_text_start,strength_text_end,strength_text,route,route_text_start,route_text_end,route_text,frequency,frequency_max,period,period_max,period_unit,time_duration,time_duration_unit,day_of_week,time_of_day,when,offset,bounds,count,frequency_text_start,frequency_text_end,frequency_text,duration,duration_max,duration_unit,duration_text_start,duration_text_end,duration_text,as_needed,indication,indication_text_start,indication_text_end,indication_text,sig_id,frequency_readable,when_text,when_text_end,when_text_start
207,09:28.0,(ALSO KNOWN AS AMBIEN) 1/2 - 1 TABLETS BY MOUTH EVERY EVENING AT BEDTIME,NULL,14036,41:44.7,0,(also known as ambien) 1/2 - 1 tablets by mouth every evening at bedtime,NULL,NULL,NULL,NULL,2-Jan,1,tablet,22,38, 1/2 - 1 tablets,NULL,NULL,NULL,NULL,NULL,NULL,by mouth,39,47,by mouth,1,NULL,1,NULL,day,NULL,NULL,NULL,NULL,in the evening at bedtime,NULL,NULL,NULL,48,72,every evening at bedtime,NULL,NULL,NULL,NULL,NULL,NULL,NULL,NULL,NULL,NULL,NULL,207,daily,every evening at bedtime,72,48
4442,10:45.0,0.5 (ONE HALF) GRAM INTO THE VAGINA AS DIRECTED TWICE A WEEK,NULL,4442,10:45.0,0,0.5 (one half) gram into the vagina as directed twice a week,NULL,NULL,NULL,NULL,NULL,NULL,NULL,NULL,NULL,NULL,0.5,NULL,g,0,19,0.5 (one half) gram,vaginally,20,35,into the vagina,2,NULL,1,NULL,week,NULL,NULL,NULL,NULL,NULL,NULL,NULL,NULL,48,60,twice a week,NULL,NULL,NULL,NULL,NULL,NULL,NULL,NULL,NULL,NULL,NULL,4442,2 times per week,NULL,NULL,NULL
4443,10:45.0,0.5 (ONE HALF) GRAM INTO THE VAGINA TWICE A WEEK,NULL,4443,10:45.0,0,0.5 (one half) gram into the vagina twice a week,NULL,NULL,NULL,NULL,NULL,NULL,NULL,NULL,NULL,NULL,0.5,NULL,g,0,19,0.5 (one half) gram,vaginally,20,35,into the vagina,2,NULL,1,NULL,week,NULL,NULL,NULL,NULL,NULL,NULL,NULL,NULL,36,48,twice a week,NULL,NULL,NULL,NULL,NULL,NULL,NULL,NULL,NULL,NULL,NULL,4443,2 times per week,NULL,NULL,NULL
4444,10:45.0,0.5 (ONE HALF) TABLET BY MOUTH DAILY,NULL,4444,10:45.0,0,0.5 (one half) tablet by mouth daily,NULL,NULL,NULL,NULL,0.5,NULL,tablet,0,21,0.5 (one half) tablet,NULL,NULL,NULL,NULL,NULL,NULL,by mouth,22,30,by mouth,1,NULL,1,NULL,day,NULL,NULL,NULL,NULL,NULL,NULL,NULL,NULL,31,36,daily,NULL,NULL,NULL,NULL,NULL,NULL,NULL,NULL,NULL,NULL,NULL,4444,daily,NULL,NULL,NULL
4445,10:45.1,0.5 (ONE HALF) TABLET BY MOUTH DAILY AS NEEDED,NULL,4445,10:45.1,0,0.5 (one half) tablet by mouth daily as needed,NULL,NULL,NULL,NULL,0.5,NULL,tablet,0,21,0.5 (one half) tablet,NULL,NULL,NULL,NULL,NULL,NULL,by mouth,22,30,by mouth,1,NULL,1,NULL,day,NULL,NULL,NULL,NULL,NULL,NULL,NULL,NULL,31,36,daily,NULL,NULL,NULL,NULL,NULL,NULL,1,NULL,37,46,as needed,4445,daily,NULL,NULL,NULL
4446,10:45.1,0.5 (ONE HALF) TABLET BY MOUTH DAILY AS NEEDED FOR ANXIETY,NULL,4446,10:45.1,0,0.5 (one half) tablet by mouth daily as needed for anxiety,NULL,NULL,NULL,NULL,0.5,NULL,tablet,0,21,0.5 (one half) tablet,NULL,NULL,NULL,NULL,NULL,NULL,by mouth,22,30,by mouth,1,NULL,1,NULL,day,NULL,NULL,NULL,NULL,NULL,NULL,NULL,NULL,31,36,daily,NULL,NULL,NULL,NULL,NULL,NULL,1,anxiety,37,58,as needed for anxiety,4446,daily,NULL,NULL,NULL
4447,10:45.1,0.5 (ONE HALF) TABLET BY MOUTH EVERY 12 HOURS,NULL,4447,10:45.1,0,0.5 (one half) tablet by mouth every 12 hours,NULL,NULL,NULL,NULL,0.5,NULL,tablet,0,21,0.5 (one half) tablet,NULL,NULL,NULL,NULL,NULL,NULL,by mouth,22,30,by mouth,1,NULL,12,NULL,hour,NULL,NULL,NULL,NULL,NULL,NULL,NULL,NULL,31,44,every 12 hour,NULL,NULL,NULL,NULL,NULL,NULL,NULL,NULL,NULL,NULL,NULL,4447,every 12 hours,NULL,NULL,NULL
4448,10:45.1,0.5 (ONE HALF) TABLET BY MOUTH EVERY 6 HOURS AS NEEDED FOR NAUSEA,NULL,4448,10:45.1,0,0.5 (one half) tablet by mouth every 6 hours as needed for nausea,NULL,NULL,NULL,NULL,0.5,NULL,tablet,0,21,0.5 (one half) tablet,NULL,NULL,NULL,NULL,NULL,NULL,by mouth,22,30,by mouth,1,NULL,6,NULL,hour,NULL,NULL,NULL,NULL,NULL,NULL,NULL,NULL,31,43,every 6 hour,NULL,NULL,NULL,NULL,NULL,NULL,1,nausea,45,65,as needed for nausea,4448,every 6 hours,NULL,NULL,NULL
4449,10:45.1,0.5 (ONE HALF) TABLET BY MOUTH EVERY 6 HOURS AS NEEDED FOR PAIN,NULL,4449,10:45.2,0,0.5 (one half) tablet by mouth every 6 hours as needed for pain,NULL,NULL,NULL,NULL,0.5,NULL,tablet,0,21,0.5 (one half) tablet,NULL,NULL,NULL,NULL,NULL,NULL,by mouth,22,30,by mouth,1,NULL,6,NULL,hour,NULL,NULL,NULL,NULL,NULL,NULL,NULL,NULL,31,43,every 6 hour,NULL,NULL,NULL,NULL,NULL,NULL,1,pain,45,63,as needed for pain,4449,every 6 hours,NULL,NULL,NULL
4450,10:45.2,0.5 (ONE HALF) TABLET BY MOUTH EVERY EVENING,NULL,4450,10:45.2,0,0.5 (one half) tablet by mouth every evening,NULL,NULL,NULL,NULL,0.5,NULL,tablet,0,21,0.5 (one half) tablet,NULL,NULL,NULL,NULL,NULL,NULL,by mouth,22,30,by mouth,1,NULL,1,NULL,day,NULL,NULL,NULL,NULL,in the evening,NULL,NULL,NULL,31,44,every evening,NULL,NULL,NULL,NULL,NULL,NULL,NULL,NULL,NULL,NULL,NULL,4450,daily,every evening,44,31
4451,10:45.2,0.5 (ONE HALF) TABLET BY MOUTH EVERY EVENING AT BEDTIME,NULL,4451,10:45.2,0,0.5 (one half) tablet by mouth every evening at bedtime,NULL,NULL,NULL,NULL,0.5,NULL,tablet,0,21,0.5 (one half) tablet,NULL,NULL,NULL,NULL,NULL,NULL,by mouth,22,30,by mouth,1,NULL,1,NULL,day,NULL,NULL,NULL,NULL,in the evening at bedtime,NULL,NULL,NULL,31,55,every evening at bedtime,NULL,NULL,NULL,NULL,NULL,NULL,NULL,NULL,NULL,NULL,NULL,4451,daily,every evening at bedtime,55,31
4452,10:45.2,0.5 (ONE HALF) TABLET BY MOUTH EVERY EVENING AT BEDTIME AS NEEDED FOR INSOMNIA,NULL,4452,10:45.2,0,0.5 (one half) tablet by mouth every evening at bedtime as needed for insomnia,NULL,NULL,NULL,NULL,0.5,NULL,tablet,0,21,0.5 (one half) tablet,NULL,NULL,NULL,NULL,NULL,NULL,by mouth,22,30,by mouth,1,NULL,1,NULL,day,NULL,NULL,NULL,NULL,in the evening at bedtime,NULL,NULL,NULL,31,55,every evening at bedtime,NULL,NULL,NULL,NULL,NULL,NULL,1,insomnia,56,78,as needed for insomnia,4452,daily,every evening at bedtime,55,31
4453,10:45.2,0.5 (ONE HALF) TABLET BY MOUTH EVERY MORNING,NULL,4453,10:45.2,0,0.5 (one half) tablet by mouth every morning,NULL,NULL,NULL,NULL,0.5,NULL,tablet,0,21,0.5 (one half) tablet,NULL,NULL,NULL,NULL,NULL,NULL,by mouth,22,30,by mouth,1,NULL,1,NULL,day,NULL,NULL,NULL,NULL,in the morning,NULL,NULL,NULL,31,44,every morning,NULL,NULL,NULL,NULL,NULL,NULL,NULL,NULL,NULL,NULL,NULL,4453,daily,every morning,44,31
4454,10:45.2,0.5 (ONE HALF) TABLET BY MOUTH EVERY OTHER DAY,NULL,4454,10:45.3,0,0.5 (one half) tablet by mouth every other day,NULL,NULL,NULL,NULL,0.5,NULL,tablet,0,21,0.5 (one half) tablet,NULL,NULL,NULL,NULL,NULL,NULL,by mouth,22,30,by mouth,1,NULL,2,NULL,day,NULL,NULL,NULL,NULL,NULL,NULL,NULL,NULL,31,46,every other day,NULL,NULL,NULL,NULL,NULL,NULL,NULL,NULL,NULL,NULL,NULL,4454,every 2 days,NULL,NULL,NULL
4455,10:45.3,0.5 (ONE HALF) TABLET BY MOUTH THREE TIMES A DAY,NULL,4455,10:45.3,0,0.5 (one half) tablet by mouth three times a day,NULL,NULL,NULL,NULL,0.5,NULL,tablet,0,21,0.5 (one half) tablet,NULL,NULL,NULL,NULL,NULL,NULL,by mouth,22,30,by mouth,3,NULL,1,NULL,day,NULL,NULL,NULL,NULL,NULL,NULL,NULL,NULL,31,48,three times a day,NULL,NULL,NULL,NULL,NULL,NULL,NULL,NULL,NULL,NULL,NULL,4455,3 times per day,NULL,NULL,NULL
4456,10:45.3,0.5 (ONE HALF) TABLET BY MOUTH TWICE A DAY,NULL,4456,10:45.3,0,0.5 (one half) tablet by mouth twice a day,NULL,NULL,NULL,NULL,0.5,NULL,tablet,0,21,0.5 (one half) tablet,NULL,NULL,NULL,NULL,NULL,NULL,by mouth,22,30,by mouth,2,NULL,1,NULL,day,NULL,NULL,NULL,NULL,NULL,NULL,NULL,NULL,31,42,twice a day,NULL,NULL,NULL,NULL,NULL,NULL,NULL,NULL,NULL,NULL,NULL,4456,twice daily,NULL,NULL,NULL
4457,10:45.3,0.5 (ONE HALF) TABLET BY MOUTH TWICE A DAY AS NEEDED FOR ANXIETY,NULL,4457,10:45.3,0,0.5 (one half) tablet by mouth twice a day as needed for anxiety,NULL,NULL,NULL,NULL,0.5,NULL,tablet,0,21,0.5 (one half) tablet,NULL,NULL,NULL,NULL,NULL,NULL,by mouth,22,30,by mouth,2,NULL,1,NULL,day,NULL,NULL,NULL,NULL,NULL,NULL,NULL,NULL,31,42,twice a day,NULL,NULL,NULL,NULL,NULL,NULL,1,anxiety,43,64,as needed for anxiety,4457,twice daily,NULL,NULL,NULL
7291,11:48.4,1.5 (ONE AND ONE HALF) TABLETS BY MOUTH DAILY,NULL,15024,44:56.1,0,1.5 (one and one half) tablets by mouth daily,NULL,NULL,NULL,NULL,1.5,NULL,tablet,0,30,1.5 (one and one half) tablets,NULL,NULL,NULL,NULL,NULL,NULL,by mouth,31,39,by mouth,1,NULL,1,NULL,day,NULL,NULL,NULL,NULL,NULL,NULL,NULL,NULL,40,45,daily,NULL,NULL,NULL,NULL,NULL,NULL,NULL,NULL,NULL,NULL,NULL,7291,daily,NULL,NULL,NULL
7292,11:48.4,1.5 (ONE AND ONE HALF) TABLETS BY MOUTH EVERY 12 HOURS,NULL,15025,44:56.2,0,1.5 (one and one half) tablets by mouth every 12 hours,NULL,NULL,NULL,NULL,1.5,NULL,tablet,0,30,1.5 (one and one half) tablets,NULL,NULL,NULL,NULL,NULL,NULL,by mouth,31,39,by mouth,1,NULL,12,NULL,hour,NULL,NULL,NULL,NULL,NULL,NULL,NULL,NULL,40,53,every 12 hour,NULL,NULL,NULL,NULL,NULL,NULL,NULL,NULL,NULL,NULL,NULL,7292,every 12 hours,NULL,NULL,NULL
7293,11:48.4,1.5 (ONE AND ONE HALF) TABLETS BY MOUTH EVERY EVENING AT BEDTIME,NULL,15026,44:56.2,0,1.5 (one and one half) tablets by mouth every evening at bedtime,NULL,NULL,NULL,NULL,1.5,NULL,tablet,0,30,1.5 (one and one half) tablets,NULL,NULL,NULL,NULL,NULL,NULL,by mouth,31,39,by mouth,1,NULL,1,NULL,day,NULL,NULL,NULL,NULL,in the evening at bedtime,NULL,NULL,NULL,40,64,every evening at bedtime,NULL,NULL,NULL,NULL,NULL,NULL,NULL,NULL,NULL,NULL,NULL,7293,daily,every evening at bedtime,64,40
7294,11:48.4,1.5 (ONE AND ONE HALF) TABLETS BY MOUTH EVERY MORNING,NULL,15027,44:56.2,0,1.5 (one and one half) tablets by mouth every morning,NULL,NULL,NULL,NULL,1.5,NULL,tablet,0,30,1.5 (one and one half) tablets,NULL,NULL,NULL,NULL,NULL,NULL,by mouth,31,39,by mouth,1,NULL,1,NULL,day,NULL,NULL,NULL,NULL,in the morning,NULL,NULL,NULL,40,53,every morning,NULL,NULL,NULL,NULL,NULL,NULL,NULL,NULL,NULL,NULL,NULL,7294,daily,every morning,53,40
7295,11:48.5,1.5 (ONE AND ONE HALF) TABLETS BY MOUTH FOUR TIMES A DAY,NULL,15028,44:56.2,0,1.5 (one and one half) tablets by mouth four times a day,NULL,NULL,NULL,NULL,1.5,NULL,tablet,0,30,1.5 (one and one half) tablets,NULL,NULL,NULL,NULL,NULL,NULL,by mouth,31,39,by mouth,4,NULL,1,NULL,day,NULL,NULL,NULL,NULL,NULL,NULL,NULL,NULL,40,56,four times a day,NULL,NULL,NULL,NULL,NULL,NULL,NULL,NULL,NULL,NULL,NULL,7295,4 times per day,NULL,NULL,NULL
7296,11:48.5,1.5 (ONE AND ONE HALF) TABLETS BY MOUTH THREE TIMES A DAY,NULL,15029,44:56.3,0,1.5 (one and one half) tablets by mouth three times a day,NULL,NULL,NULL,NULL,1.5,NULL,tablet,0,30,1.5 (one and one half) tablets,NULL,NULL,NULL,NULL,NULL,NULL,by mouth,31,39,by mouth,3,NULL,1,NULL,day,NULL,NULL,NULL,NULL,NULL,NULL,NULL,NULL,40,57,three times a day,NULL,NULL,NULL,NULL,NULL,NULL,NULL,NULL,NULL,NULL,NULL,7296,3 times per day,NULL,NULL,NULL
7297,11:48.5,1.5 (ONE AND ONE HALF) TABLETS BY MOUTH TWICE A DAY,NULL,15030,44:56.3,0,1.5 (one and one half) tablets by mouth twice a day,NULL,NULL,NULL,NULL,1.5,NULL,tablet,0,30,1.5 (one and one half) tablets,NULL,NULL,NULL,NULL,NULL,NULL,by mouth,31,39,by mouth,2,NULL,1,NULL,day,NULL,NULL,NULL,NULL,NULL,NULL,NULL,NULL,40,51,twice a day,NULL,NULL,NULL,NULL,NULL,NULL,NULL,NULL,NULL,NULL,NULL,7297,twice daily,NULL,NULL,NULL
7315,11:48.9,1/2 TAB BY MOUTH DAILY,NULL,7315,11:48.9,0,1/2 tab by mouth daily,NULL,NULL,NULL,NULL,2-Jan,NULL,tablet,0,7,1/2 tab,NULL,NULL,NULL,NULL,NULL,NULL,by mouth,8,16,by mouth,1,NULL,1,NULL,day,NULL,NULL,NULL,NULL,NULL,NULL,NULL,NULL,17,22,daily,NULL,NULL,NULL,NULL,NULL,NULL,NULL,NULL,NULL,NULL,NULL,7315,daily,NULL,NULL,NULL
7316,11:48.9,1/2 TAB DAILY,NULL,7316,11:48.9,0,1/2 tab daily,NULL,NULL,NULL,NULL,2-Jan,NULL,tablet,0,7,1/2 tab,NULL,NULL,NULL,NULL,NULL,NULL,NULL,NULL,NULL,NULL,1,NULL,1,NULL,day,NULL,NULL,NULL,NULL,NULL,NULL,NULL,NULL,8,13,daily,NULL,NULL,NULL,NULL,NULL,NULL,NULL,NULL,NULL,NULL,NULL,7316,daily,NULL,NULL,NULL
7317,11:49.0,1/2 TABLET AT BEDTIME,NULL,7317,11:49.0,0,1/2 tablet at bedtime,NULL,NULL,NULL,NULL,2-Jan,NULL,tablet,0,10,1/2 tablet,NULL,NULL,NULL,NULL,NULL,NULL,NULL,NULL,NULL,NULL,1,NULL,1,NULL,day,NULL,NULL,NULL,NULL,at bedtime,NULL,NULL,NULL,11,21,at bedtime,NULL,NULL,NULL,NULL,NULL,NULL,NULL,NULL,NULL,NULL,NULL,7317,daily,at bedtime,21,11
7318,11:49.0,1/2 TABLET BY MOUTH DAILY,NULL,7318,11:49.0,0,1/2 tablet by mouth daily,NULL,NULL,NULL,NULL,2-Jan,NULL,tablet,0,10,1/2 tablet,NULL,NULL,NULL,NULL,NULL,NULL,by mouth,11,19,by mouth,1,NULL,1,NULL,day,NULL,NULL,NULL,NULL,NULL,NULL,NULL,NULL,20,25,daily,NULL,NULL,NULL,NULL,NULL,NULL,NULL,NULL,NULL,NULL,NULL,7318,daily,NULL,NULL,NULL
7319,11:49.0,1/2 TABLET BY MOUTH TWICE A DAY,NULL,7319,11:49.0,0,1/2 tablet by mouth twice a day,NULL,NULL,NULL,NULL,2-Jan,NULL,tablet,0,10,1/2 tablet,NULL,NULL,NULL,NULL,NULL,NULL,by mouth,11,19,by mouth,2,NULL,1,NULL,day,NULL,NULL,NULL,NULL,NULL,NULL,NULL,NULL,20,31,twice a day,NULL,NULL,NULL,NULL,NULL,NULL,NULL,NULL,NULL,NULL,NULL,7319,twice daily,NULL,NULL,NULL
7320,11:49.0,1/2 TABLET DAILY,NULL,7320,11:49.0,0,1/2 tablet daily,NULL,NULL,NULL,NULL,2-Jan,NULL,tablet,0,10,1/2 tablet,NULL,NULL,NULL,NULL,NULL,NULL,NULL,NULL,NULL,NULL,1,NULL,1,NULL,day,NULL,NULL,NULL,NULL,NULL,NULL,NULL,NULL,11,16,daily,NULL,NULL,NULL,NULL,NULL,NULL,NULL,NULL,NULL,NULL,NULL,7320,daily,NULL,NULL,NULL
7321,11:49.1,1/2 TABLET TWICE DAILY,NULL,7321,11:49.1,0,1/2 tablet twice daily,NULL,NULL,NULL,NULL,2-Jan,NULL,tablet,0,10,1/2 tablet,NULL,NULL,NULL,NULL,NULL,NULL,NULL,NULL,NULL,NULL,2,NULL,1,NULL,day,NULL,NULL,NULL,NULL,NULL,NULL,NULL,NULL,11,22,twice daily,NULL,NULL,NULL,NULL,NULL,NULL,NULL,NULL,NULL,NULL,NULL,7321,twice daily,NULL,NULL,NULL
9211,12:33.5,2.5 (TWO AND ONE HALF) MILLILITERS BY MOUTH DAILY,NULL,15557,45:45.2,0,2.5 (two and one half) milliliters by mouth daily,NULL,NULL,NULL,NULL,2.5,NULL,mL,0,33,2.5 (two and one half) milliliter,NULL,NULL,NULL,NULL,NULL,NULL,by mouth,35,43,by mouth,1,NULL,1,NULL,day,NULL,NULL,NULL,NULL,NULL,NULL,NULL,NULL,44,49,daily,NULL,NULL,NULL,NULL,NULL,NULL,NULL,NULL,NULL,NULL,NULL,9211,daily,NULL,NULL,NULL
9212,12:33.5,2.5 (TWO AND ONE HALF) MILLILITERS BY MOUTH TWICE A DAY,NULL,15558,45:45.3,0,2.5 (two and one half) milliliters by mouth twice a day,NULL,NULL,NULL,NULL,2.5,NULL,mL,0,33,2.5 (two and one half) milliliter,NULL,NULL,NULL,NULL,NULL,NULL,by mouth,35,43,by mouth,2,NULL,1,NULL,day,NULL,NULL,NULL,NULL,NULL,NULL,NULL,NULL,44,55,twice a day,NULL,NULL,NULL,NULL,NULL,NULL,NULL,NULL,NULL,NULL,NULL,9212,twice daily,NULL,NULL,NULL
9213,12:33.6,2.5 (TWO AND ONE HALF) TABLETS BY MOUTH DAILY,NULL,15559,45:45.3,0,2.5 (two and one half) tablets by mouth daily,NULL,NULL,NULL,NULL,2.5,NULL,tablet,0,30,2.5 (two and one half) tablets,NULL,NULL,NULL,NULL,NULL,NULL,by mouth,31,39,by mouth,1,NULL,1,NULL,day,NULL,NULL,NULL,NULL,NULL,NULL,NULL,NULL,40,45,daily,NULL,NULL,NULL,NULL,NULL,NULL,NULL,NULL,NULL,NULL,NULL,9213,daily,NULL,NULL,NULL
9214,12:33.6,2.5 (TWO AND ONE HALF) TABLETS BY MOUTH EVERY EVENING AT BEDTIME,NULL,15560,45:45.3,0,2.5 (two and one half) tablets by mouth every evening at bedtime,NULL,NULL,NULL,NULL,2.5,NULL,tablet,0,30,2.5 (two and one half) tablets,NULL,NULL,NULL,NULL,NULL,NULL,by mouth,31,39,by mouth,1,NULL,1,NULL,day,NULL,NULL,NULL,NULL,in the evening at bedtime,NULL,NULL,NULL,40,64,every evening at bedtime,NULL,NULL,NULL,NULL,NULL,NULL,NULL,NULL,NULL,NULL,NULL,9214,daily,every evening at bedtime,64,40
9215,12:33.6,2.5 (TWO AND ONE HALF) TABLETS BY MOUTH TWICE A DAY,NULL,15561,45:45.3,0,2.5 (two and one half) tablets by mouth twice a day,NULL,NULL,NULL,NULL,2.5,NULL,tablet,0,30,2.5 (two and one half) tablets,NULL,NULL,NULL,NULL,NULL,NULL,by mouth,31,39,by mouth,2,NULL,1,NULL,day,NULL,NULL,NULL,NULL,NULL,NULL,NULL,NULL,40,51,twice a day,NULL,NULL,NULL,NULL,NULL,NULL,NULL,NULL,NULL,NULL,NULL,9215,twice daily,NULL,NULL,NULL
10171,12:57.7,3.5 (THREE AND ONE HALF) TABLETS BY MOUTH DAILY,NULL,15657,46:09.1,0,3.5 (three and one half) tablets by mouth daily,NULL,NULL,NULL,NULL,3.5,NULL,tablet,0,32,3.5 (three and one half) tablets,NULL,NULL,NULL,NULL,NULL,NULL,by mouth,33,41,by mouth,1,NULL,1,NULL,day,NULL,NULL,NULL,NULL,NULL,NULL,NULL,NULL,42,47,daily,NULL,NULL,NULL,NULL,NULL,NULL,NULL,NULL,NULL,NULL,NULL,10171,daily,NULL,NULL,NULL
11999,13:46.8,7.5 (SEVEN AND ONE HALF) MILLILITERS BY MOUTH TWICE A DAY FOR TEN DAYS,NULL,15838,46:52.9,0,7.5 (seven and one half) milliliters by mouth twice a day for ten days,NULL,NULL,NULL,NULL,7.5,NULL,mL,0,35,7.5 (seven and one half) milliliter,NULL,NULL,NULL,NULL,NULL,NULL,by mouth,37,45,by mouth,2,NULL,1,NULL,day,NULL,NULL,NULL,NULL,NULL,NULL,NULL,NULL,46,57,twice a day,10,NULL,day,58,69,ten day,NULL,NULL,NULL,NULL,NULL,11999,twice daily,NULL,NULL,NULL
13007,14:15.1,TAKE  1/2 TABLET BY MOUTH DAILY,NULL,13007,14:15.2,0,take 1/2 tablet by mouth daily,take,0,4,take,2-Jan,NULL,tablet,4,15, 1/2 tablet,NULL,NULL,NULL,NULL,NULL,NULL,by mouth,16,24,by mouth,1,NULL,1,NULL,day,NULL,NULL,NULL,NULL,NULL,NULL,NULL,NULL,25,30,daily,NULL,NULL,NULL,NULL,NULL,NULL,NULL,NULL,NULL,NULL,NULL,13007,daily,NULL,NULL,NULL
13008,14:15.2,TAKE  1/2 TABLET BY MOUTH EVERY DAY,NULL,13008,14:15.2,0,take 1/2 tablet by mouth every day,take,0,4,take,2-Jan,NULL,tablet,4,15, 1/2 tablet,NULL,NULL,NULL,NULL,NULL,NULL,by mouth,16,24,by mouth,1,NULL,1,NULL,day,NULL,NULL,NULL,NULL,NULL,NULL,NULL,NULL,25,34,every day,NULL,NULL,NULL,NULL,NULL,NULL,NULL,NULL,NULL,NULL,NULL,13008,daily,NULL,NULL,NULL
13009,14:15.2,TAKE  1/2 TABLET BY MOUTH TWICE DAILY,NULL,13009,14:15.2,0,take 1/2 tablet by mouth twice daily,take,0,4,take,2-Jan,NULL,tablet,4,15, 1/2 tablet,NULL,NULL,NULL,NULL,NULL,NULL,by mouth,16,24,by mouth,2,NULL,1,NULL,day,NULL,NULL,NULL,NULL,NULL,NULL,NULL,NULL,25,36,twice daily,NULL,NULL,NULL,NULL,NULL,NULL,NULL,NULL,NULL,NULL,NULL,13009,twice daily,NULL,NULL,NULL
13013,14:15.3,TAKE 1 & 1/2 TABLETS BY MOUTH DAILY,NULL,15881,47:18.2,0,take 1 & 1/2 tablets by mouth daily,take,0,4,take,2-Jan,NULL,tablet,8,20, 1/2 tablets,NULL,NULL,NULL,NULL,NULL,NULL,by mouth,21,29,by mouth,1,NULL,1,NULL,day,NULL,NULL,NULL,NULL,NULL,NULL,NULL,NULL,30,35,daily,NULL,NULL,NULL,NULL,NULL,NULL,NULL,NULL,NULL,NULL,NULL,13013,daily,NULL,NULL,NULL
13014,14:15.3,TAKE 1 & 1/2 TABLETS BY MOUTH EVERY DAY,NULL,15882,47:18.3,0,take 1 & 1/2 tablets by mouth every day,take,0,4,take,2-Jan,NULL,tablet,8,20, 1/2 tablets,NULL,NULL,NULL,NULL,NULL,NULL,by mouth,21,29,by mouth,1,NULL,1,NULL,day,NULL,NULL,NULL,NULL,NULL,NULL,NULL,NULL,30,39,every day,NULL,NULL,NULL,NULL,NULL,NULL,NULL,NULL,NULL,NULL,NULL,13014,daily,NULL,NULL,NULL
13015,14:15.4,TAKE 1 & 1/2 TABLETS BY MOUTH ONCE DAILY,NULL,15883,47:18.3,0,take 1 & 1/2 tablets by mouth once daily,take,0,4,take,2-Jan,NULL,tablet,8,20, 1/2 tablets,NULL,NULL,NULL,NULL,NULL,NULL,by mouth,21,29,by mouth,1,NULL,1,NULL,day,NULL,NULL,NULL,NULL,NULL,NULL,NULL,NULL,30,40,once daily,NULL,NULL,NULL,NULL,NULL,NULL,NULL,NULL,NULL,NULL,NULL,13015,daily,NULL,NULL,NULL
13016,14:15.4,TAKE 1 & 1/2 TABLETS DAILY,NULL,15884,47:18.3,0,take 1 & 1/2 tablets daily,take,0,4,take,2-Jan,NULL,tablet,8,20, 1/2 tablets,NULL,NULL,NULL,NULL,NULL,NULL,NULL,NULL,NULL,NULL,1,NULL,1,NULL,day,NULL,NULL,NULL,NULL,NULL,NULL,NULL,NULL,21,26,daily,NULL,NULL,NULL,NULL,NULL,NULL,NULL,NULL,NULL,NULL,NULL,13016,daily,NULL,NULL,NULL
13017,14:15.4,TAKE 1 1/2 TABLETS BY MOUTH DAILY,NULL,15885,47:18.4,0,take 1 1/2 tablets by mouth daily,take,0,4,take,1 1/2,NULL,tablet,4,18, 1 1/2 tablets,NULL,NULL,NULL,NULL,NULL,NULL,by mouth,19,27,by mouth,1,NULL,1,NULL,day,NULL,NULL,NULL,NULL,NULL,NULL,NULL,NULL,28,33,daily,NULL,NULL,NULL,NULL,NULL,NULL,NULL,NULL,NULL,NULL,NULL,13017,daily,NULL,NULL,NULL
13018,14:15.4,TAKE 1 1/2 TABLETS BY MOUTH TWICE DAILY,NULL,15886,47:18.4,0,take 1 1/2 tablets by mouth twice daily,take,0,4,take,1 1/2,NULL,tablet,4,18, 1 1/2 tablets,NULL,NULL,NULL,NULL,NULL,NULL,by mouth,19,27,by mouth,2,NULL,1,NULL,day,NULL,NULL,NULL,NULL,NULL,NULL,NULL,NULL,28,39,twice daily,NULL,NULL,NULL,NULL,NULL,NULL,NULL,NULL,NULL,NULL,NULL,13018,twice daily,NULL,NULL,NULL
13019,14:15.5,TAKE 1 AND 1/2 TABLET BY MOUTH DAILY,NULL,13019,14:15.5,0,take 1 and 1/2 tablet by mouth daily,take,0,4,take,2-Jan,NULL,tablet,10,21, 1/2 tablet,NULL,NULL,NULL,NULL,NULL,NULL,by mouth,22,30,by mouth,1,NULL,1,NULL,day,NULL,NULL,NULL,NULL,NULL,NULL,NULL,NULL,31,36,daily,NULL,NULL,NULL,NULL,NULL,NULL,NULL,NULL,NULL,NULL,NULL,13019,daily,NULL,NULL,NULL
13020,14:15.5,TAKE 1 AND 1/2 TABLET BY MOUTH EVERY DAY,NULL,13020,14:15.5,0,take 1 and 1/2 tablet by mouth every day,take,0,4,take,2-Jan,NULL,tablet,10,21, 1/2 tablet,NULL,NULL,NULL,NULL,NULL,NULL,by mouth,22,30,by mouth,1,NULL,1,NULL,day,NULL,NULL,NULL,NULL,NULL,NULL,NULL,NULL,31,40,every day,NULL,NULL,NULL,NULL,NULL,NULL,NULL,NULL,NULL,NULL,NULL,13020,daily,NULL,NULL,NULL
13021,14:15.5,TAKE 1 AND 1/2 TABLETS BY MOUTH DAILY,NULL,15887,47:18.5,0,take 1 and 1/2 tablets by mouth daily,take,0,4,take,2-Jan,NULL,tablet,10,22, 1/2 tablets,NULL,NULL,NULL,NULL,NULL,NULL,by mouth,23,31,by mouth,1,NULL,1,NULL,day,NULL,NULL,NULL,NULL,NULL,NULL,NULL,NULL,32,37,daily,NULL,NULL,NULL,NULL,NULL,NULL,NULL,NULL,NULL,NULL,NULL,13021,daily,NULL,NULL,NULL
13022,14:15.5,TAKE 1 AND 1/2 TABLETS BY MOUTH EVERY DAY,NULL,15888,47:18.5,0,take 1 and 1/2 tablets by mouth every day,take,0,4,take,2-Jan,NULL,tablet,10,22, 1/2 tablets,NULL,NULL,NULL,NULL,NULL,NULL,by mouth,23,31,by mouth,1,NULL,1,NULL,day,NULL,NULL,NULL,NULL,NULL,NULL,NULL,NULL,32,41,every day,NULL,NULL,NULL,NULL,NULL,NULL,NULL,NULL,NULL,NULL,NULL,13022,daily,NULL,NULL,NULL
13023,14:15.6,TAKE 1 AND 1/2 TABLETS BY MOUTH ONCE DAILY,NULL,15889,47:18.5,0,take 1 and 1/2 tablets by mouth once daily,take,0,4,take,2-Jan,NULL,tablet,10,22, 1/2 tablets,NULL,NULL,NULL,NULL,NULL,NULL,by mouth,23,31,by mouth,1,NULL,1,NULL,day,NULL,NULL,NULL,NULL,NULL,NULL,NULL,NULL,32,42,once daily,NULL,NULL,NULL,NULL,NULL,NULL,NULL,NULL,NULL,NULL,NULL,13023,daily,NULL,NULL,NULL
13024,14:15.6,TAKE 1 AND 1/2 TABLETS BY MOUTH TWICE DAILY,NULL,15890,47:18.5,0,take 1 and 1/2 tablets by mouth twice daily,take,0,4,take,2-Jan,NULL,tablet,10,22, 1/2 tablets,NULL,NULL,NULL,NULL,NULL,NULL,by mouth,23,31,by mouth,2,NULL,1,NULL,day,NULL,NULL,NULL,NULL,NULL,NULL,NULL,NULL,32,43,twice daily,NULL,NULL,NULL,NULL,NULL,NULL,NULL,NULL,NULL,NULL,NULL,13024,twice daily,NULL,NULL,NULL
13025,14:15.6,TAKE 1 AND 1/2 TABLETS DAILY,NULL,15891,47:18.6,0,take 1 and 1/2 tablets daily,take,0,4,take,2-Jan,NULL,tablet,10,22, 1/2 tablets,NULL,NULL,NULL,NULL,NULL,NULL,NULL,NULL,NULL,NULL,1,NULL,1,NULL,day,NULL,NULL,NULL,NULL,NULL,NULL,NULL,NULL,23,28,daily,NULL,NULL,NULL,NULL,NULL,NULL,NULL,NULL,NULL,NULL,NULL,13025,daily,NULL,NULL,NULL
13052,14:16.3,TAKE 1 CAPSULE DAILY IN THE MORNING 1/2 HOUR      BEFORE BREAKFAST. *DNS*,NULL,13052,14:16.4,0,take 1 capsule daily in the morning 1/2 hour before breakfast. *dns*,take,0,4,take,1,NULL,capsule,4,14, 1 capsule,NULL,NULL,NULL,NULL,NULL,NULL,NULL,NULL,NULL,NULL,1,NULL,1,NULL,day,NULL,NULL,NULL,NULL,in the morning,NULL,NULL,NULL,15,20,daily,NULL,NULL,NULL,NULL,NULL,NULL,NULL,NULL,NULL,NULL,NULL,13052,daily,in the morning,35,21
13346,14:24.8,TAKE 1/2 TAB DAILY,NULL,13346,14:24.8,0,take 1/2 tab daily,take,0,4,take,2-Jan,NULL,tablet,4,12, 1/2 tab,NULL,NULL,NULL,NULL,NULL,NULL,NULL,NULL,NULL,NULL,1,NULL,1,NULL,day,NULL,NULL,NULL,NULL,NULL,NULL,NULL,NULL,13,18,daily,NULL,NULL,NULL,NULL,NULL,NULL,NULL,NULL,NULL,NULL,NULL,13346,daily,NULL,NULL,NULL
13347,14:24.8,TAKE 1/2 TABLET (20MG) EVERY DAY IN THE EVENING.   **DNS**,NULL,13347,14:24.8,0,take 1/2 tablet (20mg) every day in the evening. **dns**,take,0,4,take,2-Jan,NULL,tablet,4,15, 1/2 tablet,20,NULL,mg,15,21, (20mg,NULL,NULL,NULL,NULL,1,NULL,1,NULL,day,NULL,NULL,NULL,NULL,in the evening,NULL,NULL,NULL,23,47,every day in the evening,NULL,NULL,NULL,NULL,NULL,NULL,NULL,NULL,NULL,NULL,NULL,13347,daily,in the evening,47,33
13348,14:24.8,TAKE 1/2 TABLET AT BEDTIME,NULL,13348,14:24.8,0,take 1/2 tablet at bedtime,take,0,4,take,2-Jan,NULL,tablet,4,15, 1/2 tablet,NULL,NULL,NULL,NULL,NULL,NULL,NULL,NULL,NULL,NULL,1,NULL,1,NULL,day,NULL,NULL,NULL,NULL,at bedtime,NULL,NULL,NULL,16,26,at bedtime,NULL,NULL,NULL,NULL,NULL,NULL,NULL,NULL,NULL,NULL,NULL,13348,daily,at bedtime,26,16
13349,14:24.8,TAKE 1/2 TABLET BY MOUTH AT BEDTIME,NULL,13349,14:24.9,0,take 1/2 tablet by mouth at bedtime,take,0,4,take,2-Jan,NULL,tablet,4,15, 1/2 tablet,NULL,NULL,NULL,NULL,NULL,NULL,by mouth,16,24,by mouth,1,NULL,1,NULL,day,NULL,NULL,NULL,NULL,at bedtime,NULL,NULL,NULL,25,35,at bedtime,NULL,NULL,NULL,NULL,NULL,NULL,NULL,NULL,NULL,NULL,NULL,13349,daily,at bedtime,35,25
13350,14:24.9,TAKE 1/2 TABLET BY MOUTH AT BEDTIME AS NEEDED,NULL,13350,14:24.9,0,take 1/2 tablet by mouth at bedtime as needed,take,0,4,take,2-Jan,NULL,tablet,4,15, 1/2 tablet,NULL,NULL,NULL,NULL,NULL,NULL,by mouth,16,24,by mouth,1,NULL,1,NULL,day,NULL,NULL,NULL,NULL,at bedtime,NULL,NULL,NULL,25,35,at bedtime,NULL,NULL,NULL,NULL,NULL,NULL,1,NULL,36,45,as needed,13350,daily,at bedtime,35,25
13351,14:24.9,TAKE 1/2 TABLET BY MOUTH DAILY,NULL,13351,14:24.9,0,take 1/2 tablet by mouth daily,take,0,4,take,2-Jan,NULL,tablet,4,15, 1/2 tablet,NULL,NULL,NULL,NULL,NULL,NULL,by mouth,16,24,by mouth,1,NULL,1,NULL,day,NULL,NULL,NULL,NULL,NULL,NULL,NULL,NULL,25,30,daily,NULL,NULL,NULL,NULL,NULL,NULL,NULL,NULL,NULL,NULL,NULL,13351,daily,NULL,NULL,NULL
13352,14:24.9,TAKE 1/2 TABLET BY MOUTH DAILY.,NULL,13352,14:25.0,0,take 1/2 tablet by mouth daily.,take,0,4,take,2-Jan,NULL,tablet,4,15, 1/2 tablet,NULL,NULL,NULL,NULL,NULL,NULL,by mouth,16,24,by mouth,1,NULL,1,NULL,day,NULL,NULL,NULL,NULL,NULL,NULL,NULL,NULL,25,30,daily,NULL,NULL,NULL,NULL,NULL,NULL,NULL,NULL,NULL,NULL,NULL,13352,daily,NULL,NULL,NULL
13353,14:25.0,TAKE 1/2 TABLET BY MOUTH EVERY DAY,NULL,13353,14:25.0,0,take 1/2 tablet by mouth every day,take,0,4,take,2-Jan,NULL,tablet,4,15, 1/2 tablet,NULL,NULL,NULL,NULL,NULL,NULL,by mouth,16,24,by mouth,1,NULL,1,NULL,day,NULL,NULL,NULL,NULL,NULL,NULL,NULL,NULL,25,34,every day,NULL,NULL,NULL,NULL,NULL,NULL,NULL,NULL,NULL,NULL,NULL,13353,daily,NULL,NULL,NULL
13354,14:25.0,TAKE 1/2 TABLET BY MOUTH EVERY EVENING,NULL,13354,14:25.0,0,take 1/2 tablet by mouth every evening,take,0,4,take,2-Jan,NULL,tablet,4,15, 1/2 tablet,NULL,NULL,NULL,NULL,NULL,NULL,by mouth,16,24,by mouth,1,NULL,1,NULL,day,NULL,NULL,NULL,NULL,in the evening,NULL,NULL,NULL,25,38,every evening,NULL,NULL,NULL,NULL,NULL,NULL,NULL,NULL,NULL,NULL,NULL,13354,daily,every evening,38,25
13355,14:25.0,TAKE 1/2 TABLET BY MOUTH EVERY MORNING,NULL,13355,14:25.0,0,take 1/2 tablet by mouth every morning,take,0,4,take,2-Jan,NULL,tablet,4,15, 1/2 tablet,NULL,NULL,NULL,NULL,NULL,NULL,by mouth,16,24,by mouth,1,NULL,1,NULL,day,NULL,NULL,NULL,NULL,in the morning,NULL,NULL,NULL,25,38,every morning,NULL,NULL,NULL,NULL,NULL,NULL,NULL,NULL,NULL,NULL,NULL,13355,daily,every morning,38,25
13356,14:25.1,TAKE 1/2 TABLET BY MOUTH EVERY OTHER DAY,NULL,13356,14:25.1,0,take 1/2 tablet by mouth every other day,take,0,4,take,2-Jan,NULL,tablet,4,15, 1/2 tablet,NULL,NULL,NULL,NULL,NULL,NULL,by mouth,16,24,by mouth,1,NULL,2,NULL,day,NULL,NULL,NULL,NULL,NULL,NULL,NULL,NULL,25,40,every other day,NULL,NULL,NULL,NULL,NULL,NULL,NULL,NULL,NULL,NULL,NULL,13356,every 2 days,NULL,NULL,NULL
13357,14:25.1,TAKE 1/2 TABLET BY MOUTH ONCE DAILY,NULL,13357,14:25.1,0,take 1/2 tablet by mouth once daily,take,0,4,take,2-Jan,NULL,tablet,4,15, 1/2 tablet,NULL,NULL,NULL,NULL,NULL,NULL,by mouth,16,24,by mouth,1,NULL,1,NULL,day,NULL,NULL,NULL,NULL,NULL,NULL,NULL,NULL,25,35,once daily,NULL,NULL,NULL,NULL,NULL,NULL,NULL,NULL,NULL,NULL,NULL,13357,daily,NULL,NULL,NULL
13358,14:25.1,TAKE 1/2 TABLET BY MOUTH THREE TIMES DAILY,NULL,13358,14:25.1,0,take 1/2 tablet by mouth three times daily,take,0,4,take,2-Jan,NULL,tablet,4,15, 1/2 tablet,NULL,NULL,NULL,NULL,NULL,NULL,by mouth,16,24,by mouth,3,NULL,1,NULL,day,NULL,NULL,NULL,NULL,NULL,NULL,NULL,NULL,25,42,three times daily,NULL,NULL,NULL,NULL,NULL,NULL,NULL,NULL,NULL,NULL,NULL,13358,3 times per day,NULL,NULL,NULL
13359,14:25.1,TAKE 1/2 TABLET BY MOUTH TWICE A DAY,NULL,13359,14:25.2,0,take 1/2 tablet by mouth twice a day,take,0,4,take,2-Jan,NULL,tablet,4,15, 1/2 tablet,NULL,NULL,NULL,NULL,NULL,NULL,by mouth,16,24,by mouth,2,NULL,1,NULL,day,NULL,NULL,NULL,NULL,NULL,NULL,NULL,NULL,25,36,twice a day,NULL,NULL,NULL,NULL,NULL,NULL,NULL,NULL,NULL,NULL,NULL,13359,twice daily,NULL,NULL,NULL
13360,14:25.2,TAKE 1/2 TABLET BY MOUTH TWICE DAILY,NULL,13360,14:25.2,0,take 1/2 tablet by mouth twice daily,take,0,4,take,2-Jan,NULL,tablet,4,15, 1/2 tablet,NULL,NULL,NULL,NULL,NULL,NULL,by mouth,16,24,by mouth,2,NULL,1,NULL,day,NULL,NULL,NULL,NULL,NULL,NULL,NULL,NULL,25,36,twice daily,NULL,NULL,NULL,NULL,NULL,NULL,NULL,NULL,NULL,NULL,NULL,13360,twice daily,NULL,NULL,NULL
13361,14:25.2,TAKE 1/2 TABLET DAILY,NULL,13361,14:25.2,0,take 1/2 tablet daily,take,0,4,take,2-Jan,NULL,tablet,4,15, 1/2 tablet,NULL,NULL,NULL,NULL,NULL,NULL,NULL,NULL,NULL,NULL,1,NULL,1,NULL,day,NULL,NULL,NULL,NULL,NULL,NULL,NULL,NULL,16,21,daily,NULL,NULL,NULL,NULL,NULL,NULL,NULL,NULL,NULL,NULL,NULL,13361,daily,NULL,NULL,NULL
13362,14:25.2,TAKE 1/2 TABLET DAILY.,NULL,13362,14:25.2,0,take 1/2 tablet daily.,take,0,4,take,2-Jan,NULL,tablet,4,15, 1/2 tablet,NULL,NULL,NULL,NULL,NULL,NULL,NULL,NULL,NULL,NULL,1,NULL,1,NULL,day,NULL,NULL,NULL,NULL,NULL,NULL,NULL,NULL,16,21,daily,NULL,NULL,NULL,NULL,NULL,NULL,NULL,NULL,NULL,NULL,NULL,13362,daily,NULL,NULL,NULL
13363,14:25.3,TAKE 1/2 TABLET EVERY DAY,NULL,13363,14:25.3,0,take 1/2 tablet every day,take,0,4,take,2-Jan,NULL,tablet,4,15, 1/2 tablet,NULL,NULL,NULL,NULL,NULL,NULL,NULL,NULL,NULL,NULL,1,NULL,1,NULL,day,NULL,NULL,NULL,NULL,NULL,NULL,NULL,NULL,16,25,every day,NULL,NULL,NULL,NULL,NULL,NULL,NULL,NULL,NULL,NULL,NULL,13363,daily,NULL,NULL,NULL
13364,14:25.3,TAKE 1/2 TABLET ONCE DAILY,NULL,13364,14:25.3,0,take 1/2 tablet once daily,take,0,4,take,2-Jan,NULL,tablet,4,15, 1/2 tablet,NULL,NULL,NULL,NULL,NULL,NULL,NULL,NULL,NULL,NULL,1,NULL,1,NULL,day,NULL,NULL,NULL,NULL,NULL,NULL,NULL,NULL,16,26,once daily,NULL,NULL,NULL,NULL,NULL,NULL,NULL,NULL,NULL,NULL,NULL,13364,daily,NULL,NULL,NULL
13365,14:25.3,TAKE 1/2 TABLET TWICE A DAY,NULL,13365,14:25.3,0,take 1/2 tablet twice a day,take,0,4,take,2-Jan,NULL,tablet,4,15, 1/2 tablet,NULL,NULL,NULL,NULL,NULL,NULL,NULL,NULL,NULL,NULL,2,NULL,1,NULL,day,NULL,NULL,NULL,NULL,NULL,NULL,NULL,NULL,16,27,twice a day,NULL,NULL,NULL,NULL,NULL,NULL,NULL,NULL,NULL,NULL,NULL,13365,twice daily,NULL,NULL,NULL
13366,14:25.3,TAKE 1/2 TABLET TWICE DAILY,NULL,13366,14:25.4,0,take 1/2 tablet twice daily,take,0,4,take,2-Jan,NULL,tablet,4,15, 1/2 tablet,NULL,NULL,NULL,NULL,NULL,NULL,NULL,NULL,NULL,NULL,2,NULL,1,NULL,day,NULL,NULL,NULL,NULL,NULL,NULL,NULL,NULL,16,27,twice daily,NULL,NULL,NULL,NULL,NULL,NULL,NULL,NULL,NULL,NULL,NULL,13366,twice daily,NULL,NULL,NULL
13367,14:25.4,TAKE 1/2 TO 1 TABLET BY MOUTH AT BEDTIME,NULL,13367,14:25.4,0,take 1/2 to 1 tablet by mouth at bedtime,take,0,4,take,2-Jan,1,tablet,4,20, 1/2 to 1 tablet,NULL,NULL,NULL,NULL,NULL,NULL,by mouth,21,29,by mouth,1,NULL,1,NULL,day,NULL,NULL,NULL,NULL,at bedtime,NULL,NULL,NULL,30,40,at bedtime,NULL,NULL,NULL,NULL,NULL,NULL,NULL,NULL,NULL,NULL,NULL,13367,daily,at bedtime,40,30
13368,14:25.4,TAKE 1/2 TO 1 TABLET BY MOUTH AT BEDTIME AS NEEDED,NULL,13368,14:25.4,0,take 1/2 to 1 tablet by mouth at bedtime as needed,take,0,4,take,2-Jan,1,tablet,4,20, 1/2 to 1 tablet,NULL,NULL,NULL,NULL,NULL,NULL,by mouth,21,29,by mouth,1,NULL,1,NULL,day,NULL,NULL,NULL,NULL,at bedtime,NULL,NULL,NULL,30,40,at bedtime,NULL,NULL,NULL,NULL,NULL,NULL,1,NULL,41,50,as needed,13368,daily,at bedtime,40,30
13369,14:25.4,TAKE 1/2 TO 1 TABLET BY MOUTH AT BEDTIME AS NEEDED FOR SLEEP,NULL,13369,14:25.4,0,take 1/2 to 1 tablet by mouth at bedtime as needed for sleep,take,0,4,take,2-Jan,1,tablet,4,20, 1/2 to 1 tablet,NULL,NULL,NULL,NULL,NULL,NULL,by mouth,21,29,by mouth,1,NULL,1,NULL,day,NULL,NULL,NULL,NULL,at bedtime,NULL,NULL,NULL,30,40,at bedtime,NULL,NULL,NULL,NULL,NULL,NULL,1,sleep,41,60,as needed for sleep,13369,daily,at bedtime,40,30
13370,14:25.5,TAKE 1/2 TO 1 TABLET BY MOUTH DAILY,NULL,13370,14:25.5,0,take 1/2 to 1 tablet by mouth daily,take,0,4,take,2-Jan,1,tablet,4,20, 1/2 to 1 tablet,NULL,NULL,NULL,NULL,NULL,NULL,by mouth,21,29,by mouth,1,NULL,1,NULL,day,NULL,NULL,NULL,NULL,NULL,NULL,NULL,NULL,30,35,daily,NULL,NULL,NULL,NULL,NULL,NULL,NULL,NULL,NULL,NULL,NULL,13370,daily,NULL,NULL,NULL
13371,14:25.5,TAKE 1/2 TO 1 TABLET BY MOUTH THREE TIMES DAILY AS NEEDED,NULL,13371,14:25.5,0,take 1/2 to 1 tablet by mouth three times daily as needed,take,0,4,take,2-Jan,1,tablet,4,20, 1/2 to 1 tablet,NULL,NULL,NULL,NULL,NULL,NULL,by mouth,21,29,by mouth,3,NULL,1,NULL,day,NULL,NULL,NULL,NULL,NULL,NULL,NULL,NULL,30,47,three times daily,NULL,NULL,NULL,NULL,NULL,NULL,1,NULL,48,57,as needed,13371,3 times per day,NULL,NULL,NULL
13372,14:25.5,TAKE 1/2 TO 1 TABLET BY MOUTH TWICE DAILY AS NEEDED FOR ANXIETY,NULL,13372,14:25.5,0,take 1/2 to 1 tablet by mouth twice daily as needed for anxiety,take,0,4,take,2-Jan,1,tablet,4,20, 1/2 to 1 tablet,NULL,NULL,NULL,NULL,NULL,NULL,by mouth,21,29,by mouth,2,NULL,1,NULL,day,NULL,NULL,NULL,NULL,NULL,NULL,NULL,NULL,30,41,twice daily,NULL,NULL,NULL,NULL,NULL,NULL,1,anxiety,42,63,as needed for anxiety,13372,twice daily,NULL,NULL,NULL
13494,14:29.0,TAKE HALF TABLET BY MOUTH DAILY,NULL,13494,14:29.0,0,take half tablet by mouth daily,take,0,4,take,NULL,NULL,NULL,NULL,NULL,NULL,NULL,NULL,NULL,NULL,NULL,NULL,by mouth,17,25,by mouth,1,NULL,1,NULL,day,NULL,NULL,NULL,NULL,NULL,NULL,NULL,NULL,26,31,daily,NULL,NULL,NULL,NULL,NULL,NULL,NULL,NULL,NULL,NULL,NULL,13494,daily,NULL,NULL,NULL
13497,14:29.1,TAKE ONE & ONE-HALF TABLETS BY MOUTH EVERY DAY,NULL,13497,14:29.1,0,take one & one-half tablets by mouth every day,take,0,4,take,NULL,NULL,NULL,NULL,NULL,NULL,NULL,NULL,NULL,NULL,NULL,NULL,by mouth,28,36,by mouth,1,NULL,1,NULL,day,NULL,NULL,NULL,NULL,NULL,NULL,NULL,NULL,37,46,every day,NULL,NULL,NULL,NULL,NULL,NULL,NULL,NULL,NULL,NULL,NULL,13497,daily,NULL,NULL,NULL
13498,14:29.1,TAKE ONE & ONE-HALF TABLETS BY MOUTH TWICE DAILY,NULL,13498,14:29.1,0,take one & one-half tablets by mouth twice daily,take,0,4,take,NULL,NULL,NULL,NULL,NULL,NULL,NULL,NULL,NULL,NULL,NULL,NULL,by mouth,28,36,by mouth,2,NULL,1,NULL,day,NULL,NULL,NULL,NULL,NULL,NULL,NULL,NULL,37,48,twice daily,NULL,NULL,NULL,NULL,NULL,NULL,NULL,NULL,NULL,NULL,NULL,13498,twice daily,NULL,NULL,NULL
13499,14:29.1,TAKE ONE AND ONE-HALF TABLET BY MOUTH DAILY,NULL,13499,14:29.2,0,take one and one-half tablet by mouth daily,take,0,4,take,NULL,NULL,NULL,NULL,NULL,NULL,NULL,NULL,NULL,NULL,NULL,NULL,by mouth,29,37,by mouth,1,NULL,1,NULL,day,NULL,NULL,NULL,NULL,NULL,NULL,NULL,NULL,38,43,daily,NULL,NULL,NULL,NULL,NULL,NULL,NULL,NULL,NULL,NULL,NULL,13499,daily,NULL,NULL,NULL
13500,14:29.2,TAKE ONE AND ONE-HALF TABLETS BY MOUTH DAILY,NULL,13500,14:29.2,0,take one and one-half tablets by mouth daily,take,0,4,take,NULL,NULL,NULL,NULL,NULL,NULL,NULL,NULL,NULL,NULL,NULL,NULL,by mouth,30,38,by mouth,1,NULL,1,NULL,day,NULL,NULL,NULL,NULL,NULL,NULL,NULL,NULL,39,44,daily,NULL,NULL,NULL,NULL,NULL,NULL,NULL,NULL,NULL,NULL,NULL,13500,daily,NULL,NULL,NULL
13501,14:29.2,TAKE ONE AND ONE-HALF TABLETS BY MOUTH EVERY DAY,NULL,13501,14:29.2,0,take one and one-half tablets by mouth every day,take,0,4,take,NULL,NULL,NULL,NULL,NULL,NULL,NULL,NULL,NULL,NULL,NULL,NULL,by mouth,30,38,by mouth,1,NULL,1,NULL,day,NULL,NULL,NULL,NULL,NULL,NULL,NULL,NULL,39,48,every day,NULL,NULL,NULL,NULL,NULL,NULL,NULL,NULL,NULL,NULL,NULL,13501,daily,NULL,NULL,NULL
13502,14:29.3,TAKE ONE AND ONE-HALF TABLETS BY MOUTH ONCE DAILY,NULL,13502,14:29.3,0,take one and one-half tablets by mouth once daily,take,0,4,take,NULL,NULL,NULL,NULL,NULL,NULL,NULL,NULL,NULL,NULL,NULL,NULL,by mouth,30,38,by mouth,1,NULL,1,NULL,day,NULL,NULL,NULL,NULL,NULL,NULL,NULL,NULL,39,49,once daily,NULL,NULL,NULL,NULL,NULL,NULL,NULL,NULL,NULL,NULL,NULL,13502,daily,NULL,NULL,NULL
13503,14:29.3,TAKE ONE AND ONE-HALF TABLETS BY MOUTH TWICE DAILY,NULL,13503,14:29.3,0,take one and one-half tablets by mouth twice daily,take,0,4,take,NULL,NULL,NULL,NULL,NULL,NULL,NULL,NULL,NULL,NULL,NULL,NULL,by mouth,30,38,by mouth,2,NULL,1,NULL,day,NULL,NULL,NULL,NULL,NULL,NULL,NULL,NULL,39,50,twice daily,NULL,NULL,NULL,NULL,NULL,NULL,NULL,NULL,NULL,NULL,NULL,13503,twice daily,NULL,NULL,NULL
13504,14:29.3,TAKE ONE AND ONE-HALF TABLETS DAILY,NULL,13504,14:29.3,0,take one and one-half tablets daily,take,0,4,take,NULL,NULL,NULL,NULL,NULL,NULL,NULL,NULL,NULL,NULL,NULL,NULL,NULL,NULL,NULL,NULL,1,NULL,1,NULL,day,NULL,NULL,NULL,NULL,NULL,NULL,NULL,NULL,30,35,daily,NULL,NULL,NULL,NULL,NULL,NULL,NULL,NULL,NULL,NULL,NULL,13504,daily,NULL,NULL,NULL
13567,14:31.2,TAKE ONE HALF TABLET BY MOUTH DAILY,NULL,13567,14:31.2,0,take one half tablet by mouth daily,take,0,4,take,NULL,NULL,NULL,NULL,NULL,NULL,NULL,NULL,NULL,NULL,NULL,NULL,by mouth,21,29,by mouth,1,NULL,1,NULL,day,NULL,NULL,NULL,NULL,NULL,NULL,NULL,NULL,30,35,daily,NULL,NULL,NULL,NULL,NULL,NULL,NULL,NULL,NULL,NULL,NULL,13567,daily,NULL,NULL,NULL
13568,14:31.2,TAKE ONE HALF TABLET BY MOUTH EVERY DAY,NULL,13568,14:31.2,0,take one half tablet by mouth every day,take,0,4,take,NULL,NULL,NULL,NULL,NULL,NULL,NULL,NULL,NULL,NULL,NULL,NULL,by mouth,21,29,by mouth,1,NULL,1,NULL,day,NULL,NULL,NULL,NULL,NULL,NULL,NULL,NULL,30,39,every day,NULL,NULL,NULL,NULL,NULL,NULL,NULL,NULL,NULL,NULL,NULL,13568,daily,NULL,NULL,NULL
13569,14:31.2,TAKE ONE HALF TABLET BY MOUTH TWICE DAILY,NULL,13569,14:31.2,0,take one half tablet by mouth twice daily,take,0,4,take,NULL,NULL,NULL,NULL,NULL,NULL,NULL,NULL,NULL,NULL,NULL,NULL,by mouth,21,29,by mouth,2,NULL,1,NULL,day,NULL,NULL,NULL,NULL,NULL,NULL,NULL,NULL,30,41,twice daily,NULL,NULL,NULL,NULL,NULL,NULL,NULL,NULL,NULL,NULL,NULL,13569,twice daily,NULL,NULL,NULL
13776,14:37.2,TAKE ONE-HALF (1/2) TABLET DAILY,NULL,13776,14:37.2,0,take one-half (1/2) tablet daily,take,0,4,take,2-Jan,NULL,tablet,13,26, (1/2) tablet,NULL,NULL,NULL,NULL,NULL,NULL,NULL,NULL,NULL,NULL,1,NULL,1,NULL,day,NULL,NULL,NULL,NULL,NULL,NULL,NULL,NULL,27,32,daily,NULL,NULL,NULL,NULL,NULL,NULL,NULL,NULL,NULL,NULL,NULL,13776,daily,NULL,NULL,NULL
13777,14:37.3,TAKE ONE-HALF TABLET BY MOUTH AT BEDTIME,NULL,13777,14:37.3,0,take one-half tablet by mouth at bedtime,take,0,4,take,NULL,NULL,NULL,NULL,NULL,NULL,NULL,NULL,NULL,NULL,NULL,NULL,by mouth,21,29,by mouth,1,NULL,1,NULL,day,NULL,NULL,NULL,NULL,at bedtime,NULL,NULL,NULL,30,40,at bedtime,NULL,NULL,NULL,NULL,NULL,NULL,NULL,NULL,NULL,NULL,NULL,13777,daily,at bedtime,40,30
13778,14:37.3,TAKE ONE-HALF TABLET BY MOUTH DAILY,NULL,13778,14:37.3,0,take one-half tablet by mouth daily,take,0,4,take,NULL,NULL,NULL,NULL,NULL,NULL,NULL,NULL,NULL,NULL,NULL,NULL,by mouth,21,29,by mouth,1,NULL,1,NULL,day,NULL,NULL,NULL,NULL,NULL,NULL,NULL,NULL,30,35,daily,NULL,NULL,NULL,NULL,NULL,NULL,NULL,NULL,NULL,NULL,NULL,13778,daily,NULL,NULL,NULL
13779,14:37.3,TAKE ONE-HALF TABLET BY MOUTH EVERY DAY,NULL,13779,14:37.3,0,take one-half tablet by mouth every day,take,0,4,take,NULL,NULL,NULL,NULL,NULL,NULL,NULL,NULL,NULL,NULL,NULL,NULL,by mouth,21,29,by mouth,1,NULL,1,NULL,day,NULL,NULL,NULL,NULL,NULL,NULL,NULL,NULL,30,39,every day,NULL,NULL,NULL,NULL,NULL,NULL,NULL,NULL,NULL,NULL,NULL,13779,daily,NULL,NULL,NULL
13780,14:37.3,TAKE ONE-HALF TABLET BY MOUTH EVERY MORNING,NULL,13780,14:37.3,0,take one-half tablet by mouth every morning,take,0,4,take,NULL,NULL,NULL,NULL,NULL,NULL,NULL,NULL,NULL,NULL,NULL,NULL,by mouth,21,29,by mouth,1,NULL,1,NULL,day,NULL,NULL,NULL,NULL,in the morning,NULL,NULL,NULL,30,43,every morning,NULL,NULL,NULL,NULL,NULL,NULL,NULL,NULL,NULL,NULL,NULL,13780,daily,every morning,43,30
13781,14:37.4,TAKE ONE-HALF TABLET BY MOUTH ONCE DAILY,NULL,13781,14:37.4,0,take one-half tablet by mouth once daily,take,0,4,take,NULL,NULL,NULL,NULL,NULL,NULL,NULL,NULL,NULL,NULL,NULL,NULL,by mouth,21,29,by mouth,1,NULL,1,NULL,day,NULL,NULL,NULL,NULL,NULL,NULL,NULL,NULL,30,40,once daily,NULL,NULL,NULL,NULL,NULL,NULL,NULL,NULL,NULL,NULL,NULL,13781,daily,NULL,NULL,NULL
13782,14:37.4,TAKE ONE-HALF TABLET BY MOUTH TWICE A DAY,NULL,13782,14:37.4,0,take one-half tablet by mouth twice a day,take,0,4,take,NULL,NULL,NULL,NULL,NULL,NULL,NULL,NULL,NULL,NULL,NULL,NULL,by mouth,21,29,by mouth,2,NULL,1,NULL,day,NULL,NULL,NULL,NULL,NULL,NULL,NULL,NULL,30,41,twice a day,NULL,NULL,NULL,NULL,NULL,NULL,NULL,NULL,NULL,NULL,NULL,13782,twice daily,NULL,NULL,NULL
13783,14:37.4,TAKE ONE-HALF TABLET BY MOUTH TWICE DAILY,NULL,13783,14:37.4,0,take one-half tablet by mouth twice daily,take,0,4,take,NULL,NULL,NULL,NULL,NULL,NULL,NULL,NULL,NULL,NULL,NULL,NULL,by mouth,21,29,by mouth,2,NULL,1,NULL,day,NULL,NULL,NULL,NULL,NULL,NULL,NULL,NULL,30,41,twice daily,NULL,NULL,NULL,NULL,NULL,NULL,NULL,NULL,NULL,NULL,NULL,13783,twice daily,NULL,NULL,NULL
13784,14:37.5,TAKE ONE-HALF TABLET DAILY,NULL,13784,14:37.5,0,take one-half tablet daily,take,0,4,take,NULL,NULL,NULL,NULL,NULL,NULL,NULL,NULL,NULL,NULL,NULL,NULL,NULL,NULL,NULL,NULL,1,NULL,1,NULL,day,NULL,NULL,NULL,NULL,NULL,NULL,NULL,NULL,21,26,daily,NULL,NULL,NULL,NULL,NULL,NULL,NULL,NULL,NULL,NULL,NULL,13784,daily,NULL,NULL,NULL
13785,14:37.5,TAKE ONE-HALF TO ONE TABLET BY MOUTH AT BEDTIME AS NEEDED,NULL,13785,14:37.5,0,take one-half to one tablet by mouth at bedtime as needed,take,0,4,take,1,NULL,tablet,16,27, one tablet,NULL,NULL,NULL,NULL,NULL,NULL,by mouth,28,36,by mouth,1,NULL,1,NULL,day,NULL,NULL,NULL,NULL,at bedtime,NULL,NULL,NULL,37,47,at bedtime,NULL,NULL,NULL,NULL,NULL,NULL,1,NULL,48,57,as needed,13785,daily,at bedtime,47,37
14023,47:19.2,take 1 capsule daily in the morning 1/2 hour before breakfast. *dns*,NULL,15892,47:19.2,0,take 1 capsule daily in the morning 1/2 hour before breakfast. *dns*,take,0,4,take,1,NULL,capsule,4,14, 1 capsule,NULL,NULL,NULL,NULL,NULL,NULL,NULL,NULL,NULL,NULL,1,NULL,1,NULL,day,NULL,NULL,NULL,NULL,in the morning,NULL,NULL,NULL,15,20,daily,NULL,NULL,NULL,NULL,NULL,NULL,NULL,NULL,NULL,NULL,NULL,14023,daily,in the morning,35,21
14028,47:26.9,take 1/2 tablet (20mg) every day in the evening. **dns**,NULL,15933,47:26.9,0,take 1/2 tablet (20mg) every day in the evening. **dns**,take,0,4,take,2-Jan,NULL,tablet,4,15, 1/2 tablet,20,NULL,mg,15,21, (20mg,NULL,NULL,NULL,NULL,1,NULL,1,NULL,day,NULL,NULL,NULL,NULL,in the evening,NULL,NULL,NULL,23,47,every day in the evening,NULL,NULL,NULL,NULL,NULL,NULL,NULL,NULL,NULL,NULL,NULL,14028,daily,in the evening,47,33
